set identity_insert [dbo].[Customer] on;
INSERT INTO Customer (CustomerID, Phone, Email) VALUES (1 ,'+48-123-460-257' , 'zenon.krzacz@live.com')
INSERT INTO Individual (FirstName, LastName, CustomerID) VALUES ('Zenon' , 'Krzaczek' , 1)
INSERT INTO Customer (CustomerID, Phone, Email) VALUES (2 ,'+48-123-457-069' , 'jerzy.spadlo@gmail.com')
INSERT INTO Individual (FirstName, LastName, CustomerID) VALUES ('Jerzy' , 'Spadło' , 2)
INSERT INTO Customer (CustomerID, Phone, Email) VALUES (3 ,'+48-123-472-491' , 'jan.cudzik@outlook.com')
INSERT INTO Individual (FirstName, LastName, CustomerID) VALUES ('Jan' , 'Cudzik' , 3)
INSERT INTO Customer (CustomerID, Phone, Email) VALUES (4 ,'+48-123-464-954' , 'zenon.antoni@yahoo.com')
INSERT INTO Individual (FirstName, LastName, CustomerID) VALUES ('Zenon' , 'Antoniuk' , 4)
INSERT INTO Customer (CustomerID, Phone, Email) VALUES (5 ,'+48-123-465-823' , 'rados.koch@outlook.com')
INSERT INTO Individual (FirstName, LastName, CustomerID) VALUES ('Radosław' , 'Koch' , 5)
INSERT INTO Customer (CustomerID, Phone, Email) VALUES (6 ,'+48-123-467-932' , 'rados.bielen@outlook.com')
INSERT INTO Individual (FirstName, LastName, CustomerID) VALUES ('Radosław' , 'Bieleń' , 6)
INSERT INTO Customer (CustomerID, Phone, Email) VALUES (7 ,'+48-123-462-011' , 'barba.pokors@outlook.com')
INSERT INTO Individual (FirstName, LastName, CustomerID) VALUES ('Barbara' , 'Pokorska' , 7)
INSERT INTO Customer (CustomerID, Phone, Email) VALUES (8 ,'+48-123-458-591' , 'anna.rzewnic@gmail.com')
INSERT INTO Individual (FirstName, LastName, CustomerID) VALUES ('Anna' , 'Rzewnicka' , 8)
INSERT INTO Customer (CustomerID, Phone, Email) VALUES (9 ,'+48-123-461-402' , 'rados.dziedz@gmail.com')
INSERT INTO Individual (FirstName, LastName, CustomerID) VALUES ('Radosław' , 'Dziedziczak' , 9)
INSERT INTO Customer (CustomerID, Phone, Email) VALUES (10 ,'+48-123-468-304' , 'lukas.kondej@gmail.com')
INSERT INTO Individual (FirstName, LastName, CustomerID) VALUES ('Łukasz' , 'Kondej' , 10)
INSERT INTO Customer (CustomerID, Phone, Email) VALUES (11 ,'+48-123-469-780' , 'ignac.malino@outlook.com')
INSERT INTO Individual (FirstName, LastName, CustomerID) VALUES ('Ignacy' , 'Malinowski' , 11)
INSERT INTO Customer (CustomerID, Phone, Email) VALUES (12 ,'+48-123-470-978' , 'wikto.bogacz@outlook.com')
INSERT INTO Individual (FirstName, LastName, CustomerID) VALUES ('Wiktor' , 'Bogacz' , 12)
INSERT INTO Customer (CustomerID, Phone, Email) VALUES (13 ,'+48-123-463-618' , 'hiero.boruch@live.com')
INSERT INTO Individual (FirstName, LastName, CustomerID) VALUES ('Hieronim' , 'Boruch' , 13)
INSERT INTO Customer (CustomerID, Phone, Email) VALUES (14 ,'+48-123-463-765' , 'diana.skubis@outlook.com')
INSERT INTO Individual (FirstName, LastName, CustomerID) VALUES ('Diana' , 'Skubiszewska' , 14)
INSERT INTO Customer (CustomerID, Phone, Email) VALUES (15 ,'+48-123-467-082' , 'lukas.rucins@live.com')
INSERT INTO Individual (FirstName, LastName, CustomerID) VALUES ('Łukasz' , 'Ruciński' , 15)
INSERT INTO Customer (CustomerID, Phone, Email) VALUES (16 ,'+48-123-457-046' , 'jerzy.radzik@gmail.com')
INSERT INTO Individual (FirstName, LastName, CustomerID) VALUES ('Jerzy' , 'Rędzikowski' , 16)
INSERT INTO Customer (CustomerID, Phone, Email) VALUES (17 ,'+48-123-472-248' , 'gertr.dombro@mail.com')
INSERT INTO Individual (FirstName, LastName, CustomerID) VALUES ('Gertruda' , 'Dombrowska' , 17)
INSERT INTO Customer (CustomerID, Phone, Email) VALUES (18 ,'+48-123-471-692' , 'monik.krysto@live.com')
INSERT INTO Individual (FirstName, LastName, CustomerID) VALUES ('Monika' , 'Krystosik' , 18)
INSERT INTO Customer (CustomerID, Phone, Email) VALUES (19 ,'+48-123-460-523' , 'wikto.kalwas@gmail.com')
INSERT INTO Individual (FirstName, LastName, CustomerID) VALUES ('Wiktor' , 'Kalwasiński' , 19)
INSERT INTO Customer (CustomerID, Phone, Email) VALUES (20 ,'+48-123-457-739' , 'mariu.rypins@gmail.com')
INSERT INTO Individual (FirstName, LastName, CustomerID) VALUES ('Mariusz' , 'Rypiński' , 20)
INSERT INTO Customer (CustomerID, Phone, Email) VALUES (21 ,'+48-123-471-691' , 'pawel.bodek@live.com')
INSERT INTO Individual (FirstName, LastName, CustomerID) VALUES ('Paweł' , 'Bodek' , 21)
INSERT INTO Customer (CustomerID, Phone, Email) VALUES (22 ,'+48-123-470-315' , 'pauli.witeck@live.com')
INSERT INTO Individual (FirstName, LastName, CustomerID) VALUES ('Paulina' , 'Witecka' , 22)
INSERT INTO Customer (CustomerID, Phone, Email) VALUES (23 ,'+48-123-466-144' , 'rados.joniec@gmail.com')
INSERT INTO Individual (FirstName, LastName, CustomerID) VALUES ('Radosław' , 'Joniec' , 23)
INSERT INTO Customer (CustomerID, Phone, Email) VALUES (24 ,'+48-123-467-689' , 'marek.konope@yahoo.com')
INSERT INTO Individual (FirstName, LastName, CustomerID) VALUES ('Marek' , 'Konopelski' , 24)
INSERT INTO Customer (CustomerID, Phone, Email) VALUES (25 ,'+48-123-463-243' , 'henry.ilkow@outlook.com')
INSERT INTO Individual (FirstName, LastName, CustomerID) VALUES ('Henryk' , 'Ilków' , 25)
INSERT INTO Customer (CustomerID, Phone, Email) VALUES (26 ,'+48-123-471-247' , 'malgo.sinica@live.com')
INSERT INTO Individual (FirstName, LastName, CustomerID) VALUES ('Małgorzata' , 'Sinica' , 26)
INSERT INTO Customer (CustomerID, Phone, Email) VALUES (27 ,'+48-123-459-916' , 'grzeg.bronie@outlook.com')
INSERT INTO Individual (FirstName, LastName, CustomerID) VALUES ('Grzegorz' , 'Broniek' , 27)
INSERT INTO Customer (CustomerID, Phone, Email) VALUES (28 ,'+48-123-470-147' , 'jakub.brach@outlook.com')
INSERT INTO Individual (FirstName, LastName, CustomerID) VALUES ('Jakub' , 'Brach' , 28)
INSERT INTO Customer (CustomerID, Phone, Email) VALUES (29 ,'+48-123-460-300' , 'natal.daczko@live.com')
INSERT INTO Individual (FirstName, LastName, CustomerID) VALUES ('Natalia' , 'Daczkowska' , 29)
INSERT INTO Customer (CustomerID, Phone, Email) VALUES (30 ,'+48-123-470-646' , 'krzys.faber@outlook.com')
INSERT INTO Individual (FirstName, LastName, CustomerID) VALUES ('Krzysztof' , 'Faber' , 30)
INSERT INTO Customer (CustomerID, Phone, Email) VALUES (31 ,'+48-123-462-303' , 'marek.galasi@outlook.com')
INSERT INTO Individual (FirstName, LastName, CustomerID) VALUES ('Marek' , 'Galasiński' , 31)
INSERT INTO Customer (CustomerID, Phone, Email) VALUES (32 ,'+48-123-456-852' , 'rober.barszc@gmail.com')
INSERT INTO Individual (FirstName, LastName, CustomerID) VALUES ('Robert' , 'Barszczewski' , 32)
INSERT INTO Customer (CustomerID, Phone, Email) VALUES (33 ,'+48-123-464-508' , 'dawid.dyla@outlook.com')
INSERT INTO Individual (FirstName, LastName, CustomerID) VALUES ('Dawid' , 'Dyla' , 33)
INSERT INTO Customer (CustomerID, Phone, Email) VALUES (34 ,'+48-123-465-217' , 'olgie.zyto@outlook.com')
INSERT INTO Individual (FirstName, LastName, CustomerID) VALUES ('Olgierd' , 'Żyto' , 34)
INSERT INTO Customer (CustomerID, Phone, Email) VALUES (35 ,'+48-123-460-246' , 'eryk.gagat@live.com')
INSERT INTO Individual (FirstName, LastName, CustomerID) VALUES ('Eryk' , 'Gagat' , 35)
INSERT INTO Customer (CustomerID, Phone, Email) VALUES (36 ,'+48-123-471-690' , 'eugen.dorobi@yahoo.com')
INSERT INTO Individual (FirstName, LastName, CustomerID) VALUES ('Eugeniusz' , 'Dorobisz' , 36)
INSERT INTO Customer (CustomerID, Phone, Email) VALUES (37 ,'+48-123-458-191' , 'rados.rozyck@gmail.com')
INSERT INTO Individual (FirstName, LastName, CustomerID) VALUES ('Radosław' , 'Różycki' , 37)
INSERT INTO Customer (CustomerID, Phone, Email) VALUES (38 ,'+48-123-463-381' , 'eugen.czoski@outlook.com')
INSERT INTO Individual (FirstName, LastName, CustomerID) VALUES ('Eugeniusz' , 'Czoski' , 38)
INSERT INTO Customer (CustomerID, Phone, Email) VALUES (39 ,'+48-123-458-567' , 'andrz.lomnic@gmail.com')
INSERT INTO Individual (FirstName, LastName, CustomerID) VALUES ('Andrzej' , 'Łomnicki' , 39)
INSERT INTO Customer (CustomerID, Phone, Email) VALUES (40 ,'+48-123-470-152' , 'norbe.bednar@live.com')
INSERT INTO Individual (FirstName, LastName, CustomerID) VALUES ('Norbert' , 'Bednarowski' , 40)
INSERT INTO Customer (CustomerID, Phone, Email) VALUES (41 ,'+48-123-462-799' , 'olgie.fidelu@yahoo.com')
INSERT INTO Individual (FirstName, LastName, CustomerID) VALUES ('Olgierd' , 'Fidelus' , 41)
INSERT INTO Customer (CustomerID, Phone, Email) VALUES (42 ,'+48-123-458-488' , 'dawid.rycers@gmail.com')
INSERT INTO Individual (FirstName, LastName, CustomerID) VALUES ('Dawid' , 'Rycerski' , 42)
INSERT INTO Customer (CustomerID, Phone, Email) VALUES (43 ,'+48-123-469-374' , 'malgo.kaczyn@outlook.com')
INSERT INTO Individual (FirstName, LastName, CustomerID) VALUES ('Małgorzata' , 'Kaczyńska' , 43)
INSERT INTO Customer (CustomerID, Phone, Email) VALUES (44 ,'+48-123-462-001' , 'nikod.franck@gmail.com')
INSERT INTO Individual (FirstName, LastName, CustomerID) VALUES ('Nikodem' , 'Franckiewicz' , 44)
INSERT INTO Customer (CustomerID, Phone, Email) VALUES (45 ,'+48-123-464-920' , 'eweli.leniar@live.com')
INSERT INTO Individual (FirstName, LastName, CustomerID) VALUES ('Ewelina' , 'Leniart' , 45)
INSERT INTO Customer (CustomerID, Phone, Email) VALUES (46 ,'+48-123-460-660' , 'nikod.krolcz@gmail.com')
INSERT INTO Individual (FirstName, LastName, CustomerID) VALUES ('Nikodem' , 'Królczyk' , 46)
INSERT INTO Customer (CustomerID, Phone, Email) VALUES (47 ,'+48-123-466-204' , 'ignac.pikuls@live.com')
INSERT INTO Individual (FirstName, LastName, CustomerID) VALUES ('Ignacy' , 'Pikulski' , 47)
INSERT INTO Customer (CustomerID, Phone, Email) VALUES (48 ,'+48-123-465-340' , 'filip.chara@gmail.com')
INSERT INTO Individual (FirstName, LastName, CustomerID) VALUES ('Filip' , 'Chara' , 48)
INSERT INTO Customer (CustomerID, Phone, Email) VALUES (49 ,'+48-123-462-110' , 'filip.jarosz@outlook.com')
INSERT INTO Individual (FirstName, LastName, CustomerID) VALUES ('Filip' , 'Jaroszkiewicz' , 49)
INSERT INTO Customer (CustomerID, Phone, Email) VALUES (50 ,'+48-123-470-136' , 'franc.korsak@gmail.com')
INSERT INTO Individual (FirstName, LastName, CustomerID) VALUES ('Franciszek' , 'Korsak' , 50)
INSERT INTO Customer (CustomerID, Phone, Email) VALUES (51 ,'+48-123-466-991' , 'bogda.kiecan@live.com')
INSERT INTO Individual (FirstName, LastName, CustomerID) VALUES ('Bogdan' , 'Kiecana' , 51)
INSERT INTO Customer (CustomerID, Phone, Email) VALUES (52 ,'+48-123-462-651' , 'zdzis.ignaci@live.com')
INSERT INTO Individual (FirstName, LastName, CustomerID) VALUES ('Zdzisław' , 'Ignaciuk' , 52)
INSERT INTO Customer (CustomerID, Phone, Email) VALUES (53 ,'+48-123-469-880' , 'damia.wijas@outlook.com')
INSERT INTO Individual (FirstName, LastName, CustomerID) VALUES ('Damian' , 'Wijas' , 53)
INSERT INTO Customer (CustomerID, Phone, Email) VALUES (54 ,'+48-123-472-438' , 'pawel.koczor@yahoo.com')
INSERT INTO Individual (FirstName, LastName, CustomerID) VALUES ('Paweł' , 'Koczorowski' , 54)
INSERT INTO Customer (CustomerID, Phone, Email) VALUES (55 ,'+48-123-470-885' , 'tadeu.wasiuk@gmail.com')
INSERT INTO Individual (FirstName, LastName, CustomerID) VALUES ('Tadeusz' , 'Wasiuk' , 55)
INSERT INTO Customer (CustomerID, Phone, Email) VALUES (56 ,'+48-123-472-472' , 'jozef.kornil@mail.com')
INSERT INTO Individual (FirstName, LastName, CustomerID) VALUES ('Józef' , 'Korniluk' , 56)
INSERT INTO Customer (CustomerID, Phone, Email) VALUES (57 ,'+48-123-460-155' , 'dariu.leszcz@live.com')
INSERT INTO Individual (FirstName, LastName, CustomerID) VALUES ('Dariusz' , 'Leszczyk' , 57)
INSERT INTO Customer (CustomerID, Phone, Email) VALUES (58 ,'+48-123-472-226' , 'joann.kik@yahoo.com')
INSERT INTO Individual (FirstName, LastName, CustomerID) VALUES ('Joanna' , 'Kik' , 58)
INSERT INTO Customer (CustomerID, Phone, Email) VALUES (59 ,'+48-123-461-867' , 'krzys.srokow@outlook.com')
INSERT INTO Individual (FirstName, LastName, CustomerID) VALUES ('Krzysztof' , 'Srokowski' , 59)
INSERT INTO Customer (CustomerID, Phone, Email) VALUES (60 ,'+48-123-470-732' , 'henry.koznie@live.com')
INSERT INTO Individual (FirstName, LastName, CustomerID) VALUES ('Henryk' , 'Koźniewski' , 60)
INSERT INTO Customer (CustomerID, Phone, Email) VALUES (61 ,'+48-123-468-043' , 'boles.raczki@outlook.com')
INSERT INTO Individual (FirstName, LastName, CustomerID) VALUES ('Bolesław' , 'Raczkiewicz' , 61)
INSERT INTO Customer (CustomerID, Phone, Email) VALUES (62 ,'+48-123-457-066' , 'wikto.zdanki@gmail.com')
INSERT INTO Individual (FirstName, LastName, CustomerID) VALUES ('Wiktor' , 'Zdankiewicz' , 62)
INSERT INTO Customer (CustomerID, Phone, Email) VALUES (63 ,'+48-123-458-185' , 'marci.slebio@gmail.com')
INSERT INTO Individual (FirstName, LastName, CustomerID) VALUES ('Marcin' , 'Ślebioda' , 63)
INSERT INTO Customer (CustomerID, Phone, Email) VALUES (64 ,'+48-123-464-779' , 'boles.kubosz@live.com')
INSERT INTO Individual (FirstName, LastName, CustomerID) VALUES ('Bolesław' , 'Kuboszek' , 64)
INSERT INTO Customer (CustomerID, Phone, Email) VALUES (65 ,'+48-123-464-833' , 'marek.sobock@outlook.com')
INSERT INTO Individual (FirstName, LastName, CustomerID) VALUES ('Marek' , 'Sobocki' , 65)
INSERT INTO Customer (CustomerID, Phone, Email) VALUES (66 ,'+48-123-471-405' , 'fryde.durda@live.com')
INSERT INTO Individual (FirstName, LastName, CustomerID) VALUES ('Fryderyk' , 'Durda' , 66)
INSERT INTO Customer (CustomerID, Phone, Email) VALUES (67 ,'+48-123-466-085' , 'rados.galecz@outlook.com')
INSERT INTO Individual (FirstName, LastName, CustomerID) VALUES ('Radosław' , 'Gałeczka' , 67)
INSERT INTO Customer (CustomerID, Phone, Email) VALUES (68 ,'+48-123-462-902' , 'gertr.smoluc@outlook.com')
INSERT INTO Individual (FirstName, LastName, CustomerID) VALUES ('Gertruda' , 'Smołuch' , 68)
INSERT INTO Customer (CustomerID, Phone, Email) VALUES (69 ,'+48-123-458-344' , 'rysza.herman@gmail.com')
INSERT INTO Individual (FirstName, LastName, CustomerID) VALUES ('Ryszard' , 'Hermański' , 69)
INSERT INTO Customer (CustomerID, Phone, Email) VALUES (70 ,'+48-123-472-012' , 'aniel.karnic@live.com')
INSERT INTO Individual (FirstName, LastName, CustomerID) VALUES ('Aniela' , 'Karnicka' , 70)
INSERT INTO Customer (CustomerID, Phone, Email) VALUES (71 ,'+48-123-465-832' , 'andrz.koscie@inbox.com')
INSERT INTO Individual (FirstName, LastName, CustomerID) VALUES ('Andrzej' , 'Kościelna' , 71)
INSERT INTO Customer (CustomerID, Phone, Email) VALUES (72 ,'+48-123-467-600' , 'rober.mikina@outlook.com')
INSERT INTO Individual (FirstName, LastName, CustomerID) VALUES ('Robert' , 'Mikina' , 72)
INSERT INTO Customer (CustomerID, Phone, Email) VALUES (73 ,'+48-123-467-111' , 'stani.wanat@outlook.com')
INSERT INTO Individual (FirstName, LastName, CustomerID) VALUES ('Stanisław' , 'Wanat' , 73)
INSERT INTO Customer (CustomerID, Phone, Email) VALUES (74 ,'+48-123-459-717' , 'piotr.abucew@outlook.com')
INSERT INTO Individual (FirstName, LastName, CustomerID) VALUES ('Piotr' , 'Abucewicz' , 74)
INSERT INTO Customer (CustomerID, Phone, Email) VALUES (75 ,'+48-123-466-268' , 'franc.wendt@gmail.com')
INSERT INTO Individual (FirstName, LastName, CustomerID) VALUES ('Franciszek' , 'Wendt' , 75)
INSERT INTO Customer (CustomerID, Phone, Email) VALUES (76 ,'+48-123-467-469' , 'nikod.murzyn@yahoo.com')
INSERT INTO Individual (FirstName, LastName, CustomerID) VALUES ('Nikodem' , 'Murzyński' , 76)
INSERT INTO Customer (CustomerID, Phone, Email) VALUES (77 ,'+48-123-464-805' , 'nikod.zdunsk@gmail.com')
INSERT INTO Individual (FirstName, LastName, CustomerID) VALUES ('Nikodem' , 'Zduński' , 77)
INSERT INTO Customer (CustomerID, Phone, Email) VALUES (78 ,'+48-123-470-392' , 'norbe.kunows@outlook.com')
INSERT INTO Individual (FirstName, LastName, CustomerID) VALUES ('Norbert' , 'Kunowski' , 78)
INSERT INTO Customer (CustomerID, Phone, Email) VALUES (79 ,'+48-123-467-697' , 'magda.gajown@live.com')
INSERT INTO Individual (FirstName, LastName, CustomerID) VALUES ('Magdalena' , 'Gajowniczek' , 79)
INSERT INTO Customer (CustomerID, Phone, Email) VALUES (80 ,'+48-123-466-944' , 'olgie.szwemi@outlook.com')
INSERT INTO Individual (FirstName, LastName, CustomerID) VALUES ('Olgierd' , 'Szwemin' , 80)
INSERT INTO Customer (CustomerID, Phone, Email) VALUES (81 ,'+48-123-466-837' , 'szymo.cylkow@outlook.com')
INSERT INTO Individual (FirstName, LastName, CustomerID) VALUES ('Szymon' , 'Cylkowski' , 81)
INSERT INTO Customer (CustomerID, Phone, Email) VALUES (82 ,'+48-123-466-108' , 'wikto.stania@outlook.com')
INSERT INTO Individual (FirstName, LastName, CustomerID) VALUES ('Wiktor' , 'Staniaszek' , 82)
INSERT INTO Customer (CustomerID, Phone, Email) VALUES (83 ,'+48-123-472-459' , 'maria.siwins@live.com')
INSERT INTO Individual (FirstName, LastName, CustomerID) VALUES ('Maria' , 'Siwińska' , 83)
INSERT INTO Customer (CustomerID, Phone, Email) VALUES (84 ,'+48-123-464-506' , 'izabe.dechni@outlook.com')
INSERT INTO Individual (FirstName, LastName, CustomerID) VALUES ('Izabela' , 'Dechnik' , 84)
INSERT INTO Customer (CustomerID, Phone, Email) VALUES (85 ,'+48-123-465-997' , 'fryde.onyszk@outlook.com')
INSERT INTO Individual (FirstName, LastName, CustomerID) VALUES ('Fryderyk' , 'Onyszko' , 85)
INSERT INTO Customer (CustomerID, Phone, Email) VALUES (86 ,'+48-123-470-021' , 'kamil.galek@gmail.com')
INSERT INTO Individual (FirstName, LastName, CustomerID) VALUES ('Kamil' , 'Gałek' , 86)
INSERT INTO Customer (CustomerID, Phone, Email) VALUES (87 ,'+48-123-471-550' , 'eryk.kunert@outlook.com')
INSERT INTO Individual (FirstName, LastName, CustomerID) VALUES ('Eryk' , 'Kunert' , 87)
INSERT INTO Customer (CustomerID, Phone, Email) VALUES (88 ,'+48-123-470-861' , 'rober.dziend@yahoo.com')
INSERT INTO Individual (FirstName, LastName, CustomerID) VALUES ('Robert' , 'Dziendziel' , 88)
INSERT INTO Customer (CustomerID, Phone, Email) VALUES (89 ,'+48-123-461-746' , 'wiesl.kostrz@gmail.com')
INSERT INTO Individual (FirstName, LastName, CustomerID) VALUES ('Wiesław' , 'Kostrzewa' , 89)
INSERT INTO Customer (CustomerID, Phone, Email) VALUES (90 ,'+48-123-459-845' , 'kamil.kolasa@outlook.com')
INSERT INTO Individual (FirstName, LastName, CustomerID) VALUES ('Kamil' , 'Kolasa' , 90)
INSERT INTO Customer (CustomerID, Phone, Email) VALUES (91 ,'+48-123-472-487' , 'damia.krys@outlook.com')
INSERT INTO Individual (FirstName, LastName, CustomerID) VALUES ('Damian' , 'Kryś' , 91)
INSERT INTO Customer (CustomerID, Phone, Email) VALUES (92 ,'+48-123-464-621' , 'malgo.kuffel@outlook.com')
INSERT INTO Individual (FirstName, LastName, CustomerID) VALUES ('Małgorzata' , 'Kuffel' , 92)
INSERT INTO Customer (CustomerID, Phone, Email) VALUES (93 ,'+48-123-463-818' , 'rober.kabza@gmail.com')
INSERT INTO Individual (FirstName, LastName, CustomerID) VALUES ('Robert' , 'Kabza' , 93)
INSERT INTO Customer (CustomerID, Phone, Email) VALUES (94 ,'+48-123-460-180' , 'przem.bolda@gmail.com')
INSERT INTO Individual (FirstName, LastName, CustomerID) VALUES ('Przemysław' , 'Bolda' , 94)
INSERT INTO Customer (CustomerID, Phone, Email) VALUES (95 ,'+48-123-457-937' , 'rysza.sosnow@gmail.com')
INSERT INTO Individual (FirstName, LastName, CustomerID) VALUES ('Ryszard' , 'Sosnowski' , 95)
INSERT INTO Customer (CustomerID, Phone, Email) VALUES (96 ,'+48-123-461-334' , 'dawid.hupa@outlook.com')
INSERT INTO Individual (FirstName, LastName, CustomerID) VALUES ('Dawid' , 'Hupa' , 96)
INSERT INTO Customer (CustomerID, Phone, Email) VALUES (97 ,'+48-123-464-239' , 'henry.skibni@outlook.com')
INSERT INTO Individual (FirstName, LastName, CustomerID) VALUES ('Henryk' , 'Skibniewski' , 97)
INSERT INTO Customer (CustomerID, Phone, Email) VALUES (98 ,'+48-123-465-950' , 'jan.rabczuk@live.com')
INSERT INTO Individual (FirstName, LastName, CustomerID) VALUES ('Jan' , 'Rabczuk' , 98)
INSERT INTO Customer (CustomerID, Phone, Email) VALUES (99 ,'+48-123-470-245' , 'eryk.polatyn@mail.com')
INSERT INTO Individual (FirstName, LastName, CustomerID) VALUES ('Eryk' , 'Połatyński' , 99)
INSERT INTO Customer (CustomerID, Phone, Email) VALUES (100 ,'+48-123-469-952' , 'fryde.frajer@live.com')
INSERT INTO Individual (FirstName, LastName, CustomerID) VALUES ('Fryderyk' , 'Frajer' , 100)
INSERT INTO Customer (CustomerID, Phone, Email) VALUES (101 ,'+48-123-469-177' , 'wikto.woznia@yahoo.com')
INSERT INTO Individual (FirstName, LastName, CustomerID) VALUES ('Wiktor' , 'Woźniakowski' , 101)
INSERT INTO Customer (CustomerID, Phone, Email) VALUES (102 ,'+48-123-468-756' , 'magda.mrozow@mail.com')
INSERT INTO Individual (FirstName, LastName, CustomerID) VALUES ('Magdalena' , 'Mrozowska' , 102)
INSERT INTO Customer (CustomerID, Phone, Email) VALUES (103 ,'+48-123-467-861' , 'piotr.marchu@yahoo.com')
INSERT INTO Individual (FirstName, LastName, CustomerID) VALUES ('Piotr' , 'Marchut' , 103)
INSERT INTO Customer (CustomerID, Phone, Email) VALUES (104 ,'+48-123-463-510' , 'stani.pierzy@outlook.com')
INSERT INTO Individual (FirstName, LastName, CustomerID) VALUES ('Stanisław' , 'Pierzyński' , 104)
INSERT INTO Customer (CustomerID, Phone, Email) VALUES (105 ,'+48-123-460-389' , 'wacla.rost@gmail.com')
INSERT INTO Individual (FirstName, LastName, CustomerID) VALUES ('Wacław' , 'Rost' , 105)
INSERT INTO Customer (CustomerID, Phone, Email) VALUES (106 ,'+48-123-467-404' , 'marci.roskos@outlook.com')
INSERT INTO Individual (FirstName, LastName, CustomerID) VALUES ('Marcin' , 'Roskosz' , 106)
INSERT INTO Customer (CustomerID, Phone, Email) VALUES (107 ,'+48-123-462-972' , 'franc.ratkie@outlook.com')
INSERT INTO Individual (FirstName, LastName, CustomerID) VALUES ('Franciszek' , 'Ratkiewicz' , 107)
INSERT INTO Customer (CustomerID, Phone, Email) VALUES (108 ,'+48-123-460-030' , 'henry.kruszy@outlook.com')
INSERT INTO Individual (FirstName, LastName, CustomerID) VALUES ('Henryk' , 'Kruszyński' , 108)
INSERT INTO Customer (CustomerID, Phone, Email) VALUES (109 ,'+48-123-459-255' , 'natal.wujkow@gmail.com')
INSERT INTO Individual (FirstName, LastName, CustomerID) VALUES ('Natalia' , 'Wujkowska' , 109)
INSERT INTO Customer (CustomerID, Phone, Email) VALUES (110 ,'+48-123-470-326' , 'kamil.marzec@gmail.com')
INSERT INTO Individual (FirstName, LastName, CustomerID) VALUES ('Kamil' , 'Marzec' , 110)
INSERT INTO Customer (CustomerID, Phone, Email) VALUES (111 ,'+48-123-471-297' , 'rados.bielen@yahoo.com')
INSERT INTO Individual (FirstName, LastName, CustomerID) VALUES ('Radosław' , 'Bieleń' , 111)
INSERT INTO Customer (CustomerID, Phone, Email) VALUES (112 ,'+48-123-470-309' , 'dawid.lubian@outlook.com')
INSERT INTO Individual (FirstName, LastName, CustomerID) VALUES ('Dawid' , 'Łubianka' , 112)
INSERT INTO Customer (CustomerID, Phone, Email) VALUES (113 ,'+48-123-458-872' , 'nikod.wawroc@gmail.com')
INSERT INTO Individual (FirstName, LastName, CustomerID) VALUES ('Nikodem' , 'Wawrocki' , 113)
INSERT INTO Customer (CustomerID, Phone, Email) VALUES (114 ,'+48-123-471-504' , 'micha.smolar@live.com')
INSERT INTO Individual (FirstName, LastName, CustomerID) VALUES ('Michał' , 'Smolarczyk' , 114)
INSERT INTO Customer (CustomerID, Phone, Email) VALUES (115 ,'+48-123-470-348' , 'wacla.rost@live.com')
INSERT INTO Individual (FirstName, LastName, CustomerID) VALUES ('Wacław' , 'Rost' , 115)
INSERT INTO Customer (CustomerID, Phone, Email) VALUES (116 ,'+48-123-463-919' , 'nikod.maniec@live.com')
INSERT INTO Individual (FirstName, LastName, CustomerID) VALUES ('Nikodem' , 'Maniecki' , 116)
INSERT INTO Customer (CustomerID, Phone, Email) VALUES (117 ,'+48-123-465-448' , 'norbe.kosnik@live.com')
INSERT INTO Individual (FirstName, LastName, CustomerID) VALUES ('Norbert' , 'Kośnik' , 117)
INSERT INTO Customer (CustomerID, Phone, Email) VALUES (118 ,'+48-123-468-730' , 'wikto.melcer@live.com')
INSERT INTO Individual (FirstName, LastName, CustomerID) VALUES ('Wiktor' , 'Melcer' , 118)
INSERT INTO Customer (CustomerID, Phone, Email) VALUES (119 ,'+48-123-470-295' , 'franc.sztuck@live.com')
INSERT INTO Individual (FirstName, LastName, CustomerID) VALUES ('Franciszek' , 'Sztucki' , 119)
INSERT INTO Customer (CustomerID, Phone, Email) VALUES (120 ,'+48-123-466-332' , 'aniel.rejman@live.com')
INSERT INTO Individual (FirstName, LastName, CustomerID) VALUES ('Aniela' , 'Rejman' , 120)
INSERT INTO Customer (CustomerID, Phone, Email) VALUES (121 ,'+48-123-471-805' , 'stani.kanady@outlook.com')
INSERT INTO Individual (FirstName, LastName, CustomerID) VALUES ('Stanisław' , 'Kanadys' , 121)
INSERT INTO Customer (CustomerID, Phone, Email) VALUES (122 ,'+48-123-465-519' , 'jozef.boruch@live.com')
INSERT INTO Individual (FirstName, LastName, CustomerID) VALUES ('Józef' , 'Boruch' , 122)
INSERT INTO Customer (CustomerID, Phone, Email) VALUES (123 ,'+48-123-458-994' , 'wiesl.wolyns@gmail.com')
INSERT INTO Individual (FirstName, LastName, CustomerID) VALUES ('Wiesław' , 'Wołyński' , 123)
INSERT INTO Customer (CustomerID, Phone, Email) VALUES (124 ,'+48-123-460-330' , 'dariu.guja@gmail.com')
INSERT INTO Individual (FirstName, LastName, CustomerID) VALUES ('Dariusz' , 'Guja' , 124)
INSERT INTO Customer (CustomerID, Phone, Email) VALUES (125 ,'+48-123-469-825' , 'anton.blacha@outlook.com')
INSERT INTO Individual (FirstName, LastName, CustomerID) VALUES ('Antoni' , 'Blacha' , 125)
INSERT INTO Customer (CustomerID, Phone, Email) VALUES (126 ,'+48-123-460-615' , 'wikto.szpura@gmail.com')
INSERT INTO Individual (FirstName, LastName, CustomerID) VALUES ('Wiktor' , 'Szpura' , 126)
INSERT INTO Customer (CustomerID, Phone, Email) VALUES (127 ,'+48-123-463-425' , 'zdzis.szmurl@outlook.com')
INSERT INTO Individual (FirstName, LastName, CustomerID) VALUES ('Zdzisław' , 'Szmurło' , 127)
INSERT INTO Customer (CustomerID, Phone, Email) VALUES (128 ,'+48-123-460-661' , 'lukas.glac@outlook.com')
INSERT INTO Individual (FirstName, LastName, CustomerID) VALUES ('Łukasz' , 'Glac' , 128)
INSERT INTO Customer (CustomerID, Phone, Email) VALUES (129 ,'+48-123-461-298' , 'andrz.ziemba@outlook.com')
INSERT INTO Individual (FirstName, LastName, CustomerID) VALUES ('Andrzej' , 'Ziemba' , 129)
INSERT INTO Customer (CustomerID, Phone, Email) VALUES (130 ,'+48-123-457-496' , 'maria.sliwa@gmail.com')
INSERT INTO Individual (FirstName, LastName, CustomerID) VALUES ('Maria' , 'Śliwa' , 130)
INSERT INTO Customer (CustomerID, Phone, Email) VALUES (131 ,'+48-123-463-896' , 'piotr.glusza@gmail.com')
INSERT INTO Individual (FirstName, LastName, CustomerID) VALUES ('Piotr' , 'Głuszak' , 131)
INSERT INTO Customer (CustomerID, Phone, Email) VALUES (132 ,'+48-123-466-049' , 'anton.olik@outlook.com')
INSERT INTO Individual (FirstName, LastName, CustomerID) VALUES ('Antoni' , 'Olik' , 132)
INSERT INTO Customer (CustomerID, Phone, Email) VALUES (133 ,'+48-123-462-315' , 'olga.szustak@gmail.com')
INSERT INTO Individual (FirstName, LastName, CustomerID) VALUES ('Olga' , 'Szustak' , 133)
INSERT INTO Customer (CustomerID, Phone, Email) VALUES (134 ,'+48-123-466-157' , 'teres.plusa@live.com')
INSERT INTO Individual (FirstName, LastName, CustomerID) VALUES ('Teresa' , 'Płusa' , 134)
INSERT INTO Customer (CustomerID, Phone, Email) VALUES (135 ,'+48-123-460-905' , 'lukas.goryl@gmail.com')
INSERT INTO Individual (FirstName, LastName, CustomerID) VALUES ('Łukasz' , 'Goryl' , 135)
INSERT INTO Customer (CustomerID, Phone, Email) VALUES (136 ,'+48-123-458-199' , 'wacla.beresk@gmail.com')
INSERT INTO Individual (FirstName, LastName, CustomerID) VALUES ('Wacław' , 'Bereski' , 136)
INSERT INTO Customer (CustomerID, Phone, Email) VALUES (137 ,'+48-123-472-052' , 'boles.jankun@mail.com')
INSERT INTO Individual (FirstName, LastName, CustomerID) VALUES ('Bolesław' , 'Jankun' , 137)
INSERT INTO Customer (CustomerID, Phone, Email) VALUES (138 ,'+48-123-467-374' , 'filip.gers@outlook.com')
INSERT INTO Individual (FirstName, LastName, CustomerID) VALUES ('Filip' , 'Gers' , 138)
INSERT INTO Customer (CustomerID, Phone, Email) VALUES (139 ,'+48-123-462-363' , 'bogda.czarna@yahoo.com')
INSERT INTO Individual (FirstName, LastName, CustomerID) VALUES ('Bogdan' , 'Czarnacki' , 139)
INSERT INTO Customer (CustomerID, Phone, Email) VALUES (140 ,'+48-123-457-709' , 'nikod.ulamek@gmail.com')
INSERT INTO Individual (FirstName, LastName, CustomerID) VALUES ('Nikodem' , 'Ułamek' , 140)
INSERT INTO Customer (CustomerID, Phone, Email) VALUES (141 ,'+48-123-465-560' , 'olga.trochim@gmail.com')
INSERT INTO Individual (FirstName, LastName, CustomerID) VALUES ('Olga' , 'Trochimiak' , 141)
INSERT INTO Customer (CustomerID, Phone, Email) VALUES (142 ,'+48-123-463-915' , 'anna.ciasnoc@outlook.com')
INSERT INTO Individual (FirstName, LastName, CustomerID) VALUES ('Anna' , 'Ciasnocha' , 142)
INSERT INTO Customer (CustomerID, Phone, Email) VALUES (143 ,'+48-123-469-498' , 'marci.goras@live.com')
INSERT INTO Individual (FirstName, LastName, CustomerID) VALUES ('Marcin' , 'Góras' , 143)
INSERT INTO Customer (CustomerID, Phone, Email) VALUES (144 ,'+48-123-457-708' , 'krzys.chilic@gmail.com')
INSERT INTO Individual (FirstName, LastName, CustomerID) VALUES ('Krzysztof' , 'Chilicki' , 144)
INSERT INTO Customer (CustomerID, Phone, Email) VALUES (145 ,'+48-123-463-662' , 'jan.sprawka@gmail.com')
INSERT INTO Individual (FirstName, LastName, CustomerID) VALUES ('Jan' , 'Sprawka' , 145)
INSERT INTO Customer (CustomerID, Phone, Email) VALUES (146 ,'+48-123-464-577' , 'stani.osman@live.com')
INSERT INTO Individual (FirstName, LastName, CustomerID) VALUES ('Stanisław' , 'Osman' , 146)
INSERT INTO Customer (CustomerID, Phone, Email) VALUES (147 ,'+48-123-459-348' , 'halin.stawcz@gmail.com')
INSERT INTO Individual (FirstName, LastName, CustomerID) VALUES ('Halina' , 'Stawczyk' , 147)
INSERT INTO Customer (CustomerID, Phone, Email) VALUES (148 ,'+48-123-467-443' , 'olgie.juszki@gmail.com')
INSERT INTO Individual (FirstName, LastName, CustomerID) VALUES ('Olgierd' , 'Juszkiewicz' , 148)
INSERT INTO Customer (CustomerID, Phone, Email) VALUES (149 ,'+48-123-464-156' , 'anton.laseck@live.com')
INSERT INTO Individual (FirstName, LastName, CustomerID) VALUES ('Antoni' , 'Lasecki' , 149)
INSERT INTO Customer (CustomerID, Phone, Email) VALUES (150 ,'+48-123-457-140' , 'wacla.helusz@gmail.com')
INSERT INTO Individual (FirstName, LastName, CustomerID) VALUES ('Wacław' , 'Heluszka' , 150)
INSERT INTO [dbo].[Customer] (CustomerID, Phone, Email) VALUES (151 ,'+48-456-132-960' , 'innergosys@gmail.com')
INSERT INTO [dbo].[Company] (CompanyName, CustomerID) VALUES ('Innergo Systems' , 151 )
INSERT INTO [dbo].[Customer] (CustomerID, Phone, Email) VALUES (152 ,'+48-456-132-915' , 'infonetpro@gmail.com')
INSERT INTO [dbo].[Company] (CompanyName, CustomerID) VALUES ('Infonet Projekt' , 152 )
INSERT INTO [dbo].[Customer] (CustomerID, Phone, Email) VALUES (153 ,'+48-456-132-968' , 'itconnect@gmail.com')
INSERT INTO [dbo].[Company] (CompanyName, CustomerID) VALUES ('IT CONNECT' , 153 )
INSERT INTO [dbo].[Customer] (CustomerID, Phone, Email) VALUES (154 ,'+48-456-132-800' , 'actionsa@gmail.com')
INSERT INTO [dbo].[Company] (CompanyName, CustomerID) VALUES ('ACTION SA' , 154 )
INSERT INTO [dbo].[Customer] (CustomerID, Phone, Email) VALUES (155 ,'+48-456-133-054' , 'rbospzoo@gmail.com')
INSERT INTO [dbo].[Company] (CompanyName, CustomerID) VALUES ('RBO Sp. z o.o.' , 155 )
INSERT INTO [dbo].[Customer] (CustomerID, Phone, Email) VALUES (156 ,'+48-456-132-855' , 'stservices@gmail.com')
INSERT INTO [dbo].[Company] (CompanyName, CustomerID) VALUES ('S&T Services Polska' , 156 )
INSERT INTO [dbo].[Customer] (CustomerID, Phone, Email) VALUES (157 ,'+48-456-133-072' , 'ravnet@gmail.com')
INSERT INTO [dbo].[Company] (CompanyName, CustomerID) VALUES ('Ravnet' , 157 )
INSERT INTO [dbo].[Customer] (CustomerID, Phone, Email) VALUES (158 ,'+48-456-133-020' , 'petrosoftp@gmail.com')
INSERT INTO [dbo].[Company] (CompanyName, CustomerID) VALUES ('Petrosoft.pl Technologie Informatyczne' , 158 )
INSERT INTO [dbo].[Customer] (CustomerID, Phone, Email) VALUES (159 ,'+48-456-132-860' , 'comparexpo@gmail.com')
INSERT INTO [dbo].[Company] (CompanyName, CustomerID) VALUES ('COMPAREX Poland' , 159 )
INSERT INTO [dbo].[Customer] (CustomerID, Phone, Email) VALUES (160 ,'+48-456-132-919' , 'logonsa@gmail.com')
INSERT INTO [dbo].[Company] (CompanyName, CustomerID) VALUES ('Logon SA' , 160 )
INSERT INTO [dbo].[Customer] (CustomerID, Phone, Email) VALUES (161 ,'+48-456-133-033' , 'businessma@gmail.com')
INSERT INTO [dbo].[Company] (CompanyName, CustomerID) VALUES ('Business Management Software' , 161 )
INSERT INTO [dbo].[Customer] (CustomerID, Phone, Email) VALUES (162 ,'+48-456-132-852' , 'infovidema@gmail.com')
INSERT INTO [dbo].[Company] (CompanyName, CustomerID) VALUES ('Infovide-Matrix' , 162 )
INSERT INTO [dbo].[Customer] (CustomerID, Phone, Email) VALUES (163 ,'+48-456-132-917' , 'pretorspzo@gmail.com')
INSERT INTO [dbo].[Company] (CompanyName, CustomerID) VALUES ('PRETOR sp. z o.o.' , 163 )
INSERT INTO [dbo].[Customer] (CustomerID, Phone, Email) VALUES (164 ,'+48-456-132-853' , 'amdpolska@gmail.com')
INSERT INTO [dbo].[Company] (CompanyName, CustomerID) VALUES ('AMD Polska' , 164 )
INSERT INTO [dbo].[Customer] (CustomerID, Phone, Email) VALUES (165 ,'+48-456-133-056' , 'eqsystem@gmail.com')
INSERT INTO [dbo].[Company] (CompanyName, CustomerID) VALUES ('EQ System' , 165 )
INSERT INTO [dbo].[Customer] (CustomerID, Phone, Email) VALUES (166 ,'+48-456-132-985' , 'itmaginati@gmail.com')
INSERT INTO [dbo].[Company] (CompanyName, CustomerID) VALUES ('ITMAGINATION' , 166 )
INSERT INTO [dbo].[Customer] (CustomerID, Phone, Email) VALUES (167 ,'+48-456-132-997' , 'americansy@gmail.com')
INSERT INTO [dbo].[Company] (CompanyName, CustomerID) VALUES ('American Systems' , 167 )
INSERT INTO [dbo].[Customer] (CustomerID, Phone, Email) VALUES (168 ,'+48-456-133-044' , 'tekten@gmail.com')
INSERT INTO [dbo].[Company] (CompanyName, CustomerID) VALUES ('tekten' , 168 )
INSERT INTO [dbo].[Customer] (CustomerID, Phone, Email) VALUES (169 ,'+48-456-132-813' , 'praxis@gmail.com')
INSERT INTO [dbo].[Company] (CompanyName, CustomerID) VALUES ('PRAXIS' , 169 )
INSERT INTO [dbo].[Customer] (CustomerID, Phone, Email) VALUES (170 ,'+48-456-132-856' , 'assecobusi@gmail.com')
INSERT INTO [dbo].[Company] (CompanyName, CustomerID) VALUES ('Asseco Business Solutions' , 170 )
INSERT INTO [dbo].[Customer] (CustomerID, Phone, Email) VALUES (171 ,'+48-456-133-042' , 'fabrityk2@gmail.com')
INSERT INTO [dbo].[Company] (CompanyName, CustomerID) VALUES ('FABRITY K2' , 171 )
INSERT INTO [dbo].[Customer] (CustomerID, Phone, Email) VALUES (172 ,'+48-456-132-935' , 'pgssoftwar@gmail.com')
INSERT INTO [dbo].[Company] (CompanyName, CustomerID) VALUES ('PGS SOFTWARE SA' , 172 )
INSERT INTO [dbo].[Customer] (CustomerID, Phone, Email) VALUES (173 ,'+48-456-132-899' , 'andra@gmail.com')
INSERT INTO [dbo].[Company] (CompanyName, CustomerID) VALUES ('ANDRA' , 173 )
INSERT INTO [dbo].[Customer] (CustomerID, Phone, Email) VALUES (174 ,'+48-456-133-047' , 'esourcing@gmail.com')
INSERT INTO [dbo].[Company] (CompanyName, CustomerID) VALUES ('eSourcing' , 174 )
INSERT INTO [dbo].[Customer] (CustomerID, Phone, Email) VALUES (175 ,'+48-456-132-805' , 'lenovotech@gmail.com')
INSERT INTO [dbo].[Company] (CompanyName, CustomerID) VALUES ('Lenovo Technology Poland' , 175 )
INSERT INTO [dbo].[Customer] (CustomerID, Phone, Email) VALUES (176 ,'+48-456-133-110' , 'akrapolska@gmail.com')
INSERT INTO [dbo].[Company] (CompanyName, CustomerID) VALUES ('AKRA Polska' , 176 )
INSERT INTO [dbo].[Customer] (CustomerID, Phone, Email) VALUES (177 ,'+48-456-133-114' , 'solver@gmail.com')
INSERT INTO [dbo].[Company] (CompanyName, CustomerID) VALUES ('SOLVER' , 177 )
INSERT INTO [dbo].[Customer] (CustomerID, Phone, Email) VALUES (178 ,'+48-456-132-909' , 'kapschspzo@gmail.com')
INSERT INTO [dbo].[Company] (CompanyName, CustomerID) VALUES ('Kapsch Sp. z o.o.' , 178 )
INSERT INTO [dbo].[Customer] (CustomerID, Phone, Email) VALUES (179 ,'+48-456-132-931' , 'combidatap@gmail.com')
INSERT INTO [dbo].[Company] (CompanyName, CustomerID) VALUES ('COMBIDATA Poland' , 179 )
INSERT INTO [dbo].[Customer] (CustomerID, Phone, Email) VALUES (180 ,'+48-456-132-946' , 'unima2000s@gmail.com')
INSERT INTO [dbo].[Company] (CompanyName, CustomerID) VALUES ('Unima 2000 Systemy Teleinformatyczne' , 180 )
INSERT INTO [dbo].[Customer] (CustomerID, Phone, Email) VALUES (181 ,'+48-456-133-075' , 'controllin@gmail.com')
INSERT INTO [dbo].[Company] (CompanyName, CustomerID) VALUES ('Controlling Systems Sp. z o.o.' , 181 )
INSERT INTO [dbo].[Customer] (CustomerID, Phone, Email) VALUES (182 ,'+48-456-132-886' , 'cgiinforma@gmail.com')
INSERT INTO [dbo].[Company] (CompanyName, CustomerID) VALUES ('CGI Information Systems and Management Consultants (Polska)' , 182 )
INSERT INTO [dbo].[Customer] (CustomerID, Phone, Email) VALUES (183 ,'+48-456-133-109' , 'alpolprzem@gmail.com')
INSERT INTO [dbo].[Company] (CompanyName, CustomerID) VALUES ('ALPOL Przemysław Lepiarz' , 183 )
INSERT INTO [dbo].[Customer] (CustomerID, Phone, Email) VALUES (184 ,'+48-456-132-804' , 'komputroni@gmail.com')
INSERT INTO [dbo].[Company] (CompanyName, CustomerID) VALUES ('Komputronik SA' , 184 )
INSERT INTO [dbo].[Customer] (CustomerID, Phone, Email) VALUES (185 ,'+48-456-133-000' , 'surflandsy@gmail.com')
INSERT INTO [dbo].[Company] (CompanyName, CustomerID) VALUES ('Surfland Systemy Komputerowe S.A.' , 185 )
INSERT INTO [dbo].[Customer] (CustomerID, Phone, Email) VALUES (186 ,'+48-456-132-844' , 'isource@gmail.com')
INSERT INTO [dbo].[Company] (CompanyName, CustomerID) VALUES ('iSource' , 186 )
INSERT INTO [dbo].[Customer] (CustomerID, Phone, Email) VALUES (187 ,'+48-456-133-096' , 'goldenberr@gmail.com')
INSERT INTO [dbo].[Company] (CompanyName, CustomerID) VALUES ('Goldenberry' , 187 )
INSERT INTO [dbo].[Customer] (CustomerID, Phone, Email) VALUES (188 ,'+48-456-132-982' , 'kotrak@gmail.com')
INSERT INTO [dbo].[Company] (CompanyName, CustomerID) VALUES ('Kotrak' , 188 )
INSERT INTO [dbo].[Customer] (CustomerID, Phone, Email) VALUES (189 ,'+48-456-132-922' , 'checkpoint@gmail.com')
INSERT INTO [dbo].[Company] (CompanyName, CustomerID) VALUES ('Check Point Software Technologies (Poland)' , 189 )
INSERT INTO [dbo].[Customer] (CustomerID, Phone, Email) VALUES (190 ,'+48-456-132-981' , 'beyondpl@gmail.com')
INSERT INTO [dbo].[Company] (CompanyName, CustomerID) VALUES ('Beyond.pl' , 190 )
INSERT INTO [dbo].[Customer] (CustomerID, Phone, Email) VALUES (191 ,'+48-456-133-111' , 'bmscreativ@gmail.com')
INSERT INTO [dbo].[Company] (CompanyName, CustomerID) VALUES ('BMS Creative' , 191 )
INSERT INTO [dbo].[Customer] (CustomerID, Phone, Email) VALUES (192 ,'+48-456-133-046' , 'valuetank@gmail.com')
INSERT INTO [dbo].[Company] (CompanyName, CustomerID) VALUES ('ValueTank' , 192 )
INSERT INTO [dbo].[Customer] (CustomerID, Phone, Email) VALUES (193 ,'+48-456-132-872' , 'luxoftpola@gmail.com')
INSERT INTO [dbo].[Company] (CompanyName, CustomerID) VALUES ('Luxoft Poland' , 193 )
INSERT INTO [dbo].[Customer] (CustomerID, Phone, Email) VALUES (194 ,'+48-456-132-841' , 'tsystemspo@gmail.com')
INSERT INTO [dbo].[Company] (CompanyName, CustomerID) VALUES ('T-Systems Polska' , 194 )
INSERT INTO [dbo].[Customer] (CustomerID, Phone, Email) VALUES (195 ,'+48-456-132-837' , 'compsa@gmail.com')
INSERT INTO [dbo].[Company] (CompanyName, CustomerID) VALUES ('Comp SA' , 195 )
INSERT INTO [dbo].[Customer] (CustomerID, Phone, Email) VALUES (196 ,'+48-456-132-834' , 'ericpolspz@gmail.com')
INSERT INTO [dbo].[Company] (CompanyName, CustomerID) VALUES ('Ericpol sp. z o.o.' , 196 )
INSERT INTO [dbo].[Customer] (CustomerID, Phone, Email) VALUES (197 ,'+48-456-133-060' , 'pivotalpol@gmail.com')
INSERT INTO [dbo].[Company] (CompanyName, CustomerID) VALUES ('Pivotal Polska' , 197 )
INSERT INTO [dbo].[Customer] (CustomerID, Phone, Email) VALUES (198 ,'+48-456-133-043' , 'arrowecsse@gmail.com')
INSERT INTO [dbo].[Company] (CompanyName, CustomerID) VALUES ('Arrow ECS Services' , 198 )
INSERT INTO [dbo].[Customer] (CustomerID, Phone, Email) VALUES (199 ,'+48-456-133-049' , 'atabajtroi@gmail.com')
INSERT INTO [dbo].[Company] (CompanyName, CustomerID) VALUES ('Atabajt Roik, Słowik, Mazurkiewicz' , 199 )
INSERT INTO [dbo].[Customer] (CustomerID, Phone, Email) VALUES (200 ,'+48-456-132-827' , 'avnet@gmail.com')
INSERT INTO [dbo].[Company] (CompanyName, CustomerID) VALUES ('Avnet' , 200 )
INSERT INTO [dbo].[Customer] (CustomerID, Phone, Email) VALUES (201 ,'+48-456-133-017' , 'fqspoland@gmail.com')
INSERT INTO [dbo].[Company] (CompanyName, CustomerID) VALUES ('FQS Poland' , 201 )
INSERT INTO [dbo].[Customer] (CustomerID, Phone, Email) VALUES (202 ,'+48-456-132-845' , 'advatech@gmail.com')
INSERT INTO [dbo].[Company] (CompanyName, CustomerID) VALUES ('Advatech' , 202 )
INSERT INTO [dbo].[Customer] (CustomerID, Phone, Email) VALUES (203 ,'+48-456-133-013' , 'econsultin@gmail.com')
INSERT INTO [dbo].[Company] (CompanyName, CustomerID) VALUES ('eConsulting Sp. z o.o.' , 203 )
INSERT INTO [dbo].[Customer] (CustomerID, Phone, Email) VALUES (204 ,'+48-456-132-940' , 'indatasoft@gmail.com')
INSERT INTO [dbo].[Company] (CompanyName, CustomerID) VALUES ('INDATA Software SA' , 204 )
INSERT INTO [dbo].[Customer] (CustomerID, Phone, Email) VALUES (205 ,'+48-456-133-102' , 'sanmargart@gmail.com')
INSERT INTO [dbo].[Company] (CompanyName, CustomerID) VALUES ('Sanmargar Team' , 205 )
INSERT INTO [dbo].[Customer] (CustomerID, Phone, Email) VALUES (206 ,'+48-456-132-799' , 'abcdata@gmail.com')
INSERT INTO [dbo].[Company] (CompanyName, CustomerID) VALUES ('ABC Data' , 206 )
INSERT INTO [dbo].[Customer] (CustomerID, Phone, Email) VALUES (207 ,'+48-456-132-969' , 'epoint@gmail.com')
INSERT INTO [dbo].[Company] (CompanyName, CustomerID) VALUES ('e-point' , 207 )
INSERT INTO [dbo].[Customer] (CustomerID, Phone, Email) VALUES (208 ,'+48-456-132-991' , 'systemyinf@gmail.com')
INSERT INTO [dbo].[Company] (CompanyName, CustomerID) VALUES ('Systemy Informatyczne Alma' , 208 )
INSERT INTO [dbo].[Customer] (CustomerID, Phone, Email) VALUES (209 ,'+48-456-132-939' , 'centrumkom@gmail.com')
INSERT INTO [dbo].[Company] (CompanyName, CustomerID) VALUES ('Centrum Komputerowe ZETO Łódź' , 209 )
INSERT INTO [dbo].[Customer] (CustomerID, Phone, Email) VALUES (210 ,'+48-456-133-005' , 'windmobile@gmail.com')
INSERT INTO [dbo].[Company] (CompanyName, CustomerID) VALUES ('Wind Mobile' , 210 )
INSERT INTO [dbo].[Customer] (CustomerID, Phone, Email) VALUES (211 ,'+48-456-132-810' , 'microsoft@gmail.com')
INSERT INTO [dbo].[Company] (CompanyName, CustomerID) VALUES ('Microsoft' , 211 )
INSERT INTO [dbo].[Customer] (CustomerID, Phone, Email) VALUES (212 ,'+48-456-133-003' , 'atendesoft@gmail.com')
INSERT INTO [dbo].[Company] (CompanyName, CustomerID) VALUES ('Atende Software' , 212 )
INSERT INTO [dbo].[Customer] (CustomerID, Phone, Email) VALUES (213 ,'+48-456-132-990' , 'xplus@gmail.com')
INSERT INTO [dbo].[Company] (CompanyName, CustomerID) VALUES ('Xplus' , 213 )
INSERT INTO [dbo].[Customer] (CustomerID, Phone, Email) VALUES (214 ,'+48-456-132-941' , 'infinite@gmail.com')
INSERT INTO [dbo].[Company] (CompanyName, CustomerID) VALUES ('Infinite' , 214 )
INSERT INTO [dbo].[Customer] (CustomerID, Phone, Email) VALUES (215 ,'+48-456-133-059' , 'proalphapo@gmail.com')
INSERT INTO [dbo].[Company] (CompanyName, CustomerID) VALUES ('proALPHA Polska' , 215 )
INSERT INTO [dbo].[Customer] (CustomerID, Phone, Email) VALUES (216 ,'+48-456-132-906' , 'unit4polsk@gmail.com')
INSERT INTO [dbo].[Company] (CompanyName, CustomerID) VALUES ('Unit4 Polska' , 216 )
INSERT INTO [dbo].[Customer] (CustomerID, Phone, Email) VALUES (217 ,'+48-456-133-052' , 'thefarm51g@gmail.com')
INSERT INTO [dbo].[Company] (CompanyName, CustomerID) VALUES ('The Farm 51 Group' , 217 )
INSERT INTO [dbo].[Customer] (CustomerID, Phone, Email) VALUES (218 ,'+48-456-133-107' , 'stanuschte@gmail.com')
INSERT INTO [dbo].[Company] (CompanyName, CustomerID) VALUES ('Stanusch Technologies' , 218 )
INSERT INTO [dbo].[Customer] (CustomerID, Phone, Email) VALUES (219 ,'+48-456-132-831' , 'rrcpoland@gmail.com')
INSERT INTO [dbo].[Company] (CompanyName, CustomerID) VALUES ('RRC Poland' , 219 )
INSERT INTO [dbo].[Customer] (CustomerID, Phone, Email) VALUES (220 ,'+48-456-132-975' , 'comarchhea@gmail.com')
INSERT INTO [dbo].[Company] (CompanyName, CustomerID) VALUES ('Comarch Healthcare' , 220 )
INSERT INTO [dbo].[Customer] (CustomerID, Phone, Email) VALUES (221 ,'+48-456-133-062' , 'sentesyste@gmail.com')
INSERT INTO [dbo].[Company] (CompanyName, CustomerID) VALUES ('Sente Systemy Informatyczne' , 221 )
INSERT INTO [dbo].[Customer] (CustomerID, Phone, Email) VALUES (222 ,'+48-456-133-031' , 'decerto@gmail.com')
INSERT INTO [dbo].[Company] (CompanyName, CustomerID) VALUES ('Decerto' , 222 )
INSERT INTO [dbo].[Customer] (CustomerID, Phone, Email) VALUES (223 ,'+48-456-132-836' , 'apnpromise@gmail.com')
INSERT INTO [dbo].[Company] (CompanyName, CustomerID) VALUES ('A. P. N. Promise' , 223 )
INSERT INTO [dbo].[Customer] (CustomerID, Phone, Email) VALUES (224 ,'+48-456-132-802' , 'hppolska@gmail.com')
INSERT INTO [dbo].[Company] (CompanyName, CustomerID) VALUES ('HP Polska' , 224 )
INSERT INTO [dbo].[Customer] (CustomerID, Phone, Email) VALUES (225 ,'+48-456-133-108' , 'varico@gmail.com')
INSERT INTO [dbo].[Company] (CompanyName, CustomerID) VALUES ('Varico' , 225 )
INSERT INTO [dbo].[Customer] (CustomerID, Phone, Email) VALUES (226 ,'+48-456-133-083' , 'ccaeuropep@gmail.com')
INSERT INTO [dbo].[Company] (CompanyName, CustomerID) VALUES ('CCA Europe.pl' , 226 )
INSERT INTO [dbo].[Customer] (CustomerID, Phone, Email) VALUES (227 ,'+48-456-132-977' , 'itboom@gmail.com')
INSERT INTO [dbo].[Company] (CompanyName, CustomerID) VALUES ('ITBoom' , 227 )
INSERT INTO [dbo].[Customer] (CustomerID, Phone, Email) VALUES (228 ,'+48-456-133-006' , 'zetotarnow@gmail.com')
INSERT INTO [dbo].[Company] (CompanyName, CustomerID) VALUES ('ZETO Tarnów' , 228 )
INSERT INTO [dbo].[Customer] (CustomerID, Phone, Email) VALUES (229 ,'+48-456-132-891' , 'cloudwarep@gmail.com')
INSERT INTO [dbo].[Company] (CompanyName, CustomerID) VALUES ('Cloudware Polska' , 229 )
INSERT INTO [dbo].[Customer] (CustomerID, Phone, Email) VALUES (230 ,'+48-456-132-854' , 'clico@gmail.com')
INSERT INTO [dbo].[Company] (CompanyName, CustomerID) VALUES ('Clico' , 230 )
INSERT INTO [dbo].[Customer] (CustomerID, Phone, Email) VALUES (231 ,'+48-456-133-103' , 'aska@gmail.com')
INSERT INTO [dbo].[Company] (CompanyName, CustomerID) VALUES ('ASKA' , 231 )
INSERT INTO [dbo].[Customer] (CustomerID, Phone, Email) VALUES (232 ,'+48-456-132-847' , 'xeroxpolsk@gmail.com')
INSERT INTO [dbo].[Company] (CompanyName, CustomerID) VALUES ('Xerox Polska' , 232 )
INSERT INTO [dbo].[Customer] (CustomerID, Phone, Email) VALUES (233 ,'+48-456-132-955' , 'unisoft@gmail.com')
INSERT INTO [dbo].[Company] (CompanyName, CustomerID) VALUES ('Unisoft' , 233 )
INSERT INTO [dbo].[Customer] (CustomerID, Phone, Email) VALUES (234 ,'+48-456-133-048' , 'trendmicro@gmail.com')
INSERT INTO [dbo].[Company] (CompanyName, CustomerID) VALUES ('Trend Micro' , 234 )
INSERT INTO [dbo].[Customer] (CustomerID, Phone, Email) VALUES (235 ,'+48-456-133-092' , 'compsoft@gmail.com')
INSERT INTO [dbo].[Company] (CompanyName, CustomerID) VALUES ('COMP Soft' , 235 )
INSERT INTO [dbo].[Customer] (CustomerID, Phone, Email) VALUES (236 ,'+48-456-132-829' , 'acerpoland@gmail.com')
INSERT INTO [dbo].[Company] (CompanyName, CustomerID) VALUES ('Acer Poland/Slovakia' , 236 )
INSERT INTO [dbo].[Customer] (CustomerID, Phone, Email) VALUES (237 ,'+48-456-133-002' , 'apreel@gmail.com')
INSERT INTO [dbo].[Company] (CompanyName, CustomerID) VALUES ('apreel' , 237 )
INSERT INTO [dbo].[Customer] (CustomerID, Phone, Email) VALUES (238 ,'+48-456-133-069' , 'consileonp@gmail.com')
INSERT INTO [dbo].[Company] (CompanyName, CustomerID) VALUES ('Consileon Polska' , 238 )
INSERT INTO [dbo].[Customer] (CustomerID, Phone, Email) VALUES (239 ,'+48-456-132-951' , 'novellmicr@gmail.com')
INSERT INTO [dbo].[Company] (CompanyName, CustomerID) VALUES ('Novell (Micro Focus)' , 239 )
INSERT INTO [dbo].[Customer] (CustomerID, Phone, Email) VALUES (240 ,'+48-456-133-011' , 'sagratechn@gmail.com')
INSERT INTO [dbo].[Company] (CompanyName, CustomerID) VALUES ('Sagra Technology Sp. z o.o.' , 240 )
INSERT INTO [dbo].[Customer] (CustomerID, Phone, Email) VALUES (241 ,'+48-456-132-877' , 'cigamessa@gmail.com')
INSERT INTO [dbo].[Company] (CompanyName, CustomerID) VALUES ('CI Games SA' , 241 )
INSERT INTO [dbo].[Customer] (CustomerID, Phone, Email) VALUES (242 ,'+48-456-132-839' , 'integrated@gmail.com')
INSERT INTO [dbo].[Company] (CompanyName, CustomerID) VALUES ('Integrated Solutions' , 242 )
INSERT INTO [dbo].[Customer] (CustomerID, Phone, Email) VALUES (243 ,'+48-456-132-903' , 'hicron@gmail.com')
INSERT INTO [dbo].[Company] (CompanyName, CustomerID) VALUES ('HICRON' , 243 )
INSERT INTO [dbo].[Customer] (CustomerID, Phone, Email) VALUES (244 ,'+48-456-133-100' , 'planetsoft@gmail.com')
INSERT INTO [dbo].[Company] (CompanyName, CustomerID) VALUES ('Planet Soft' , 244 )
INSERT INTO [dbo].[Customer] (CustomerID, Phone, Email) VALUES (245 ,'+48-456-132-959' , 'zakladelek@gmail.com')
INSERT INTO [dbo].[Company] (CompanyName, CustomerID) VALUES ('Zakład Elektronicznej Techniki Obliczeniowej Katowice' , 245 )
INSERT INTO [dbo].[Customer] (CustomerID, Phone, Email) VALUES (246 ,'+48-456-132-984' , 'lsisoftwar@gmail.com')
INSERT INTO [dbo].[Company] (CompanyName, CustomerID) VALUES ('LSI Software' , 246 )
INSERT INTO [dbo].[Customer] (CustomerID, Phone, Email) VALUES (247 ,'+48-456-132-832' , 'wincornixd@gmail.com')
INSERT INTO [dbo].[Company] (CompanyName, CustomerID) VALUES ('Wincor Nixdorf' , 247 )
INSERT INTO [dbo].[Customer] (CustomerID, Phone, Email) VALUES (248 ,'+48-456-132-820' , 'qumak@gmail.com')
INSERT INTO [dbo].[Company] (CompanyName, CustomerID) VALUES ('Qumak' , 248 )
INSERT INTO [dbo].[Customer] (CustomerID, Phone, Email) VALUES (249 ,'+48-456-132-824' , 'accenture@gmail.com')
INSERT INTO [dbo].[Company] (CompanyName, CustomerID) VALUES ('Accenture' , 249 )
INSERT INTO [dbo].[Customer] (CustomerID, Phone, Email) VALUES (250 ,'+48-456-132-966' , 'eonetworks@gmail.com')
INSERT INTO [dbo].[Company] (CompanyName, CustomerID) VALUES ('eo Networks' , 250 )
INSERT INTO [dbo].[Customer] (CustomerID, Phone, Email) VALUES (251 ,'+48-456-133-040' , '3servicesf@gmail.com')
INSERT INTO [dbo].[Company] (CompanyName, CustomerID) VALUES ('3Services Factory S.A.' , 251 )
INSERT INTO [dbo].[Customer] (CustomerID, Phone, Email) VALUES (252 ,'+48-456-133-068' , 'merinosoft@gmail.com')
INSERT INTO [dbo].[Company] (CompanyName, CustomerID) VALUES ('Merinosoft' , 252 )
INSERT INTO [dbo].[Customer] (CustomerID, Phone, Email) VALUES (253 ,'+48-456-133-050' , 'consdata@gmail.com')
INSERT INTO [dbo].[Company] (CompanyName, CustomerID) VALUES ('Consdata' , 253 )
INSERT INTO [dbo].[Customer] (CustomerID, Phone, Email) VALUES (254 ,'+48-456-132-883' , 'itelligenc@gmail.com')
INSERT INTO [dbo].[Company] (CompanyName, CustomerID) VALUES ('itelligence' , 254 )
INSERT INTO [dbo].[Customer] (CustomerID, Phone, Email) VALUES (255 ,'+48-456-132-869' , 'centruminf@gmail.com')
INSERT INTO [dbo].[Company] (CompanyName, CustomerID) VALUES ('Centrum Informatyki Zeto SA' , 255 )
INSERT INTO [dbo].[Customer] (CustomerID, Phone, Email) VALUES (256 ,'+48-456-132-978' , 'rekordsi@gmail.com')
INSERT INTO [dbo].[Company] (CompanyName, CustomerID) VALUES ('REKORD SI' , 256 )
INSERT INTO [dbo].[Customer] (CustomerID, Phone, Email) VALUES (257 ,'+48-456-132-861' , 'elzab@gmail.com')
INSERT INTO [dbo].[Company] (CompanyName, CustomerID) VALUES ('Elzab' , 257 )
INSERT INTO [dbo].[Customer] (CustomerID, Phone, Email) VALUES (258 ,'+48-456-133-010' , 'bmm@gmail.com')
INSERT INTO [dbo].[Company] (CompanyName, CustomerID) VALUES ('BMM' , 258 )
INSERT INTO [dbo].[Customer] (CustomerID, Phone, Email) VALUES (259 ,'+48-456-132-947' , 'przedsiabi@gmail.com')
INSERT INTO [dbo].[Company] (CompanyName, CustomerID) VALUES ('Przedsiębiorstwo Informatyki ZETO Bydgoszcz SA' , 259 )
INSERT INTO [dbo].[Customer] (CustomerID, Phone, Email) VALUES (260 ,'+48-456-132-892' , 'symantecpo@gmail.com')
INSERT INTO [dbo].[Company] (CompanyName, CustomerID) VALUES ('Symantec Poland' , 260 )
INSERT INTO [dbo].[Customer] (CustomerID, Phone, Email) VALUES (261 ,'+48-456-133-097' , 'fsecurespz@gmail.com')
INSERT INTO [dbo].[Company] (CompanyName, CustomerID) VALUES ('F-Secure sp. z o.o.' , 261 )
INSERT INTO [dbo].[Customer] (CustomerID, Phone, Email) VALUES (262 ,'+48-456-132-863' , 'ncrpolska@gmail.com')
INSERT INTO [dbo].[Company] (CompanyName, CustomerID) VALUES ('NCR Polska' , 262 )
INSERT INTO [dbo].[Customer] (CustomerID, Phone, Email) VALUES (263 ,'+48-456-133-099' , 'lsbdata@gmail.com')
INSERT INTO [dbo].[Company] (CompanyName, CustomerID) VALUES ('LSB DATA' , 263 )
INSERT INTO [dbo].[Customer] (CustomerID, Phone, Email) VALUES (264 ,'+48-456-133-051' , 'pretius@gmail.com')
INSERT INTO [dbo].[Company] (CompanyName, CustomerID) VALUES ('Pretius' , 264 )
INSERT INTO [dbo].[Customer] (CustomerID, Phone, Email) VALUES (265 ,'+48-456-132-967' , 'q4net@gmail.com')
INSERT INTO [dbo].[Company] (CompanyName, CustomerID) VALUES ('Q4Net' , 265 )
INSERT INTO [dbo].[Customer] (CustomerID, Phone, Email) VALUES (266 ,'+48-456-132-896' , 'lufthansas@gmail.com')
INSERT INTO [dbo].[Company] (CompanyName, CustomerID) VALUES ('Lufthansa Systems Poland' , 266 )
INSERT INTO [dbo].[Customer] (CustomerID, Phone, Email) VALUES (267 ,'+48-456-132-806' , 'pcfactory@gmail.com')
INSERT INTO [dbo].[Company] (CompanyName, CustomerID) VALUES ('PC Factory' , 267 )
INSERT INTO [dbo].[Customer] (CustomerID, Phone, Email) VALUES (268 ,'+48-456-133-038' , 'probitzuki@gmail.com')
INSERT INTO [dbo].[Company] (CompanyName, CustomerID) VALUES ('PROBIT ZUKiB W.Zawadzki' , 268 )
INSERT INTO [dbo].[Customer] (CustomerID, Phone, Email) VALUES (269 ,'+48-456-133-067' , 'dataconsul@gmail.com')
INSERT INTO [dbo].[Company] (CompanyName, CustomerID) VALUES ('DataConsult' , 269 )
INSERT INTO [dbo].[Customer] (CustomerID, Phone, Email) VALUES (270 ,'+48-456-133-009' , 'compendium@gmail.com')
INSERT INTO [dbo].[Company] (CompanyName, CustomerID) VALUES ('Compendium Centrum Edukacyjne' , 270 )
INSERT INTO [dbo].[Customer] (CustomerID, Phone, Email) VALUES (271 ,'+48-456-132-881' , 'konceptspz@gmail.com')
INSERT INTO [dbo].[Company] (CompanyName, CustomerID) VALUES ('KONCEPT Sp. z o.o.' , 271 )
INSERT INTO [dbo].[Customer] (CustomerID, Phone, Email) VALUES (272 ,'+48-456-132-944' , 'outbox@gmail.com')
INSERT INTO [dbo].[Company] (CompanyName, CustomerID) VALUES ('Outbox' , 272 )
INSERT INTO [dbo].[Customer] (CustomerID, Phone, Email) VALUES (273 ,'+48-456-132-859' , 's4e@gmail.com')
INSERT INTO [dbo].[Company] (CompanyName, CustomerID) VALUES ('S4E' , 273 )
INSERT INTO [dbo].[Customer] (CustomerID, Phone, Email) VALUES (274 ,'+48-456-132-904' , 'ifsindustr@gmail.com')
INSERT INTO [dbo].[Company] (CompanyName, CustomerID) VALUES ('IFS Industrial and Financial Systems Poland' , 274 )
INSERT INTO [dbo].[Customer] (CustomerID, Phone, Email) VALUES (275 ,'+48-456-132-884' , 'transition@gmail.com')
INSERT INTO [dbo].[Company] (CompanyName, CustomerID) VALUES ('Transition Technologies' , 275 )
INSERT INTO [dbo].[Customer] (CustomerID, Phone, Email) VALUES (276 ,'+48-456-132-848' , 'modecom@gmail.com')
INSERT INTO [dbo].[Company] (CompanyName, CustomerID) VALUES ('MODECOM' , 276 )
INSERT INTO [dbo].[Customer] (CustomerID, Phone, Email) VALUES (277 ,'+48-456-132-974' , 'insert@gmail.com')
INSERT INTO [dbo].[Company] (CompanyName, CustomerID) VALUES ('InsERT' , 277 )
INSERT INTO [dbo].[Customer] (CustomerID, Phone, Email) VALUES (278 ,'+48-456-132-889' , 'gtechpolan@gmail.com')
INSERT INTO [dbo].[Company] (CompanyName, CustomerID) VALUES ('GTECH Poland' , 278 )
INSERT INTO [dbo].[Customer] (CustomerID, Phone, Email) VALUES (279 ,'+48-456-132-911' , 'simplesa@gmail.com')
INSERT INTO [dbo].[Company] (CompanyName, CustomerID) VALUES ('SIMPLE SA' , 279 )
INSERT INTO [dbo].[Customer] (CustomerID, Phone, Email) VALUES (280 ,'+48-456-132-849' , 'emccompute@gmail.com')
INSERT INTO [dbo].[Company] (CompanyName, CustomerID) VALUES ('EMC Computer Systems Poland' , 280 )
INSERT INTO [dbo].[Customer] (CustomerID, Phone, Email) VALUES (281 ,'+48-456-133-082' , 'gecosspzoo@gmail.com')
INSERT INTO [dbo].[Company] (CompanyName, CustomerID) VALUES ('GECOS Sp. z o.o.' , 281 )
INSERT INTO [dbo].[Customer] (CustomerID, Phone, Email) VALUES (282 ,'+48-456-132-840' , 'konicamino@gmail.com')
INSERT INTO [dbo].[Company] (CompanyName, CustomerID) VALUES ('Konica Minolta Business Solutions Polska' , 282 )
INSERT INTO [dbo].[Customer] (CustomerID, Phone, Email) VALUES (283 ,'+48-456-132-846' , 'sadspzoo@gmail.com')
INSERT INTO [dbo].[Company] (CompanyName, CustomerID) VALUES ('SAD sp. z o.o.' , 283 )
INSERT INTO [dbo].[Customer] (CustomerID, Phone, Email) VALUES (284 ,'+48-456-132-926' , 'netapppola@gmail.com')
INSERT INTO [dbo].[Company] (CompanyName, CustomerID) VALUES ('NetApp Poland' , 284 )
INSERT INTO [dbo].[Customer] (CustomerID, Phone, Email) VALUES (285 ,'+48-456-132-866' , 'comarchpol@gmail.com')
INSERT INTO [dbo].[Company] (CompanyName, CustomerID) VALUES ('Comarch Polska SA' , 285 )
INSERT INTO [dbo].[Customer] (CustomerID, Phone, Email) VALUES (286 ,'+48-456-133-115' , 'norbsoft@gmail.com')
INSERT INTO [dbo].[Company] (CompanyName, CustomerID) VALUES ('Norbsoft' , 286 )
INSERT INTO [dbo].[Customer] (CustomerID, Phone, Email) VALUES (287 ,'+48-456-132-954' , 'infoprojek@gmail.com')
INSERT INTO [dbo].[Company] (CompanyName, CustomerID) VALUES ('Info-Projekt IT Sp. z o.o.' , 287 )
INSERT INTO [dbo].[Customer] (CustomerID, Phone, Email) VALUES (288 ,'+48-456-133-001' , '7bullscom@gmail.com')
INSERT INTO [dbo].[Company] (CompanyName, CustomerID) VALUES ('7bulls.com' , 288 )
INSERT INTO [dbo].[Customer] (CustomerID, Phone, Email) VALUES (289 ,'+48-456-132-936' , 'esripolska@gmail.com')
INSERT INTO [dbo].[Company] (CompanyName, CustomerID) VALUES ('ESRI Polska' , 289 )
INSERT INTO [dbo].[Customer] (CustomerID, Phone, Email) VALUES (290 ,'+48-456-132-828' , 'lgelectron@gmail.com')
INSERT INTO [dbo].[Company] (CompanyName, CustomerID) VALUES ('LG Electronics Polska' , 290 )
INSERT INTO [dbo].[Customer] (CustomerID, Phone, Email) VALUES (291 ,'+48-456-133-064' , 'ramserwis@gmail.com')
INSERT INTO [dbo].[Company] (CompanyName, CustomerID) VALUES ('RAM-SERWIS' , 291 )
INSERT INTO [dbo].[Customer] (CustomerID, Phone, Email) VALUES (292 ,'+48-456-132-898' , 'atmsa@gmail.com')
INSERT INTO [dbo].[Company] (CompanyName, CustomerID) VALUES ('ATM SA' , 292 )
INSERT INTO [dbo].[Customer] (CustomerID, Phone, Email) VALUES (293 ,'+48-456-132-963' , 'vsoft@gmail.com')
INSERT INTO [dbo].[Company] (CompanyName, CustomerID) VALUES ('VSoft' , 293 )
INSERT INTO [dbo].[Customer] (CustomerID, Phone, Email) VALUES (294 ,'+48-456-132-816' , 'comarchsa@gmail.com')
INSERT INTO [dbo].[Company] (CompanyName, CustomerID) VALUES ('Comarch SA' , 294 )
INSERT INTO [dbo].[Customer] (CustomerID, Phone, Email) VALUES (295 ,'+48-456-132-957' , 'aoc@gmail.com')
INSERT INTO [dbo].[Company] (CompanyName, CustomerID) VALUES ('AOC' , 295 )
INSERT INTO [dbo].[Customer] (CustomerID, Phone, Email) VALUES (296 ,'+48-456-133-105' , 'ariscospzo@gmail.com')
INSERT INTO [dbo].[Company] (CompanyName, CustomerID) VALUES ('ARISCO Sp. z o.o.' , 296 )
INSERT INTO [dbo].[Customer] (CustomerID, Phone, Email) VALUES (297 ,'+48-456-133-053' , 'bloobertea@gmail.com')
INSERT INTO [dbo].[Company] (CompanyName, CustomerID) VALUES ('Bloober Team' , 297 )
INSERT INTO [dbo].[Customer] (CustomerID, Phone, Email) VALUES (298 ,'+48-456-132-992' , 'konwerga@gmail.com')
INSERT INTO [dbo].[Company] (CompanyName, CustomerID) VALUES ('Konwerga' , 298 )
INSERT INTO [dbo].[Customer] (CustomerID, Phone, Email) VALUES (299 ,'+48-456-132-998' , 'zetowpozna@gmail.com')
INSERT INTO [dbo].[Company] (CompanyName, CustomerID) VALUES ('ZETO w Poznaniu' , 299 )
INSERT INTO [dbo].[Customer] (CustomerID, Phone, Email) VALUES (300 ,'+48-456-132-809' , 'assecopola@gmail.com')
INSERT INTO [dbo].[Company] (CompanyName, CustomerID) VALUES ('Asseco Poland' , 300 )
INSERT INTO [dbo].[Customer] (CustomerID, Phone, Email) VALUES (301 ,'+48-456-132-818' , 'atospolska@gmail.com')
INSERT INTO [dbo].[Company] (CompanyName, CustomerID) VALUES ('Atos Polska' , 301 )
INSERT INTO [dbo].[Customer] (CustomerID, Phone, Email) VALUES (302 ,'+48-456-132-850' , 'atende@gmail.com')
INSERT INTO [dbo].[Company] (CompanyName, CustomerID) VALUES ('Atende' , 302 )
INSERT INTO [dbo].[Customer] (CustomerID, Phone, Email) VALUES (303 ,'+48-456-132-882' , 'betacom@gmail.com')
INSERT INTO [dbo].[Company] (CompanyName, CustomerID) VALUES ('Betacom' , 303 )
INSERT INTO [dbo].[Customer] (CustomerID, Phone, Email) VALUES (304 ,'+48-456-132-875' , 'sasinstitu@gmail.com')
INSERT INTO [dbo].[Company] (CompanyName, CustomerID) VALUES ('SAS Institute' , 304 )
INSERT INTO [dbo].[Customer] (CustomerID, Phone, Email) VALUES (305 ,'+48-456-133-016' , 'netz@gmail.com')
INSERT INTO [dbo].[Company] (CompanyName, CustomerID) VALUES ('NETZ' , 305 )
INSERT INTO [dbo].[Customer] (CustomerID, Phone, Email) VALUES (306 ,'+48-456-132-870' , 'maxto@gmail.com')
INSERT INTO [dbo].[Company] (CompanyName, CustomerID) VALUES ('MAXTO' , 306 )
INSERT INTO [dbo].[Customer] (CustomerID, Phone, Email) VALUES (307 ,'+48-456-132-928' , 'vulcan@gmail.com')
INSERT INTO [dbo].[Company] (CompanyName, CustomerID) VALUES ('VULCAN' , 307 )
INSERT INTO [dbo].[Customer] (CustomerID, Phone, Email) VALUES (308 ,'+48-456-133-021' , 'graffitier@gmail.com')
INSERT INTO [dbo].[Company] (CompanyName, CustomerID) VALUES ('Graffiti.ERP' , 308 )
INSERT INTO [dbo].[Customer] (CustomerID, Phone, Email) VALUES (309 ,'+48-456-132-965' , 'citrixsyst@gmail.com')
INSERT INTO [dbo].[Company] (CompanyName, CustomerID) VALUES ('Citrix Systems Poland' , 309 )
INSERT INTO [dbo].[Customer] (CustomerID, Phone, Email) VALUES (310 ,'+48-456-133-063' , 'lunarlogic@gmail.com')
INSERT INTO [dbo].[Company] (CompanyName, CustomerID) VALUES ('Lunar Logic Sp. z o.o.' , 310 )
INSERT INTO [dbo].[Customer] (CustomerID, Phone, Email) VALUES (311 ,'+48-456-133-091' , 'mga@gmail.com')
INSERT INTO [dbo].[Company] (CompanyName, CustomerID) VALUES ('MGA' , 311 )
INSERT INTO [dbo].[Customer] (CustomerID, Phone, Email) VALUES (312 ,'+48-456-132-893' , 'komanord@gmail.com')
INSERT INTO [dbo].[Company] (CompanyName, CustomerID) VALUES ('Koma Nord' , 312 )
INSERT INTO [dbo].[Customer] (CustomerID, Phone, Email) VALUES (313 ,'+48-456-133-041' , 'mapsolutio@gmail.com')
INSERT INTO [dbo].[Company] (CompanyName, CustomerID) VALUES ('MAP solutions Sp. z o.o.' , 313 )
INSERT INTO [dbo].[Customer] (CustomerID, Phone, Email) VALUES (314 ,'+48-456-132-925' , 'researchen@gmail.com')
INSERT INTO [dbo].[Company] (CompanyName, CustomerID) VALUES ('Research & Engineering Center Sp. z o.o.' , 314 )
INSERT INTO [dbo].[Customer] (CustomerID, Phone, Email) VALUES (315 ,'+48-456-133-045' , 'polsofteng@gmail.com')
INSERT INTO [dbo].[Company] (CompanyName, CustomerID) VALUES ('Polsoft Engineering' , 315 )
INSERT INTO [dbo].[Customer] (CustomerID, Phone, Email) VALUES (316 ,'+48-456-132-934' , 'zetorzeszo@gmail.com')
INSERT INTO [dbo].[Company] (CompanyName, CustomerID) VALUES ('ZETO-RZESZÓW' , 316 )
INSERT INTO [dbo].[Customer] (CustomerID, Phone, Email) VALUES (317 ,'+48-456-133-023' , 'eurotronic@gmail.com')
INSERT INTO [dbo].[Company] (CompanyName, CustomerID) VALUES ('Eurotronic' , 317 )
INSERT INTO [dbo].[Customer] (CustomerID, Phone, Email) VALUES (318 ,'+48-456-133-004' , 'ttscompany@gmail.com')
INSERT INTO [dbo].[Company] (CompanyName, CustomerID) VALUES ('TTS Company' , 318 )
INSERT INTO [dbo].[Customer] (CustomerID, Phone, Email) VALUES (319 ,'+48-456-132-825' , 'ciscosyste@gmail.com')
INSERT INTO [dbo].[Company] (CompanyName, CustomerID) VALUES ('Cisco Systems Poland' , 319 )
INSERT INTO [dbo].[Customer] (CustomerID, Phone, Email) VALUES (320 ,'+48-456-132-838' , 'wasko@gmail.com')
INSERT INTO [dbo].[Company] (CompanyName, CustomerID) VALUES ('WASKO' , 320 )
INSERT INTO [dbo].[Customer] (CustomerID, Phone, Email) VALUES (321 ,'+48-456-132-821' , 'asuspolska@gmail.com')
INSERT INTO [dbo].[Company] (CompanyName, CustomerID) VALUES ('ASUS Polska' , 321 )
INSERT INTO [dbo].[Customer] (CustomerID, Phone, Email) VALUES (322 ,'+48-456-133-084' , 'riscosoftw@gmail.com')
INSERT INTO [dbo].[Company] (CompanyName, CustomerID) VALUES ('Risco Software' , 322 )
INSERT INTO [dbo].[Customer] (CustomerID, Phone, Email) VALUES (323 ,'+48-456-132-924' , 'itworks@gmail.com')
INSERT INTO [dbo].[Company] (CompanyName, CustomerID) VALUES ('itWORKS' , 323 )
INSERT INTO [dbo].[Customer] (CustomerID, Phone, Email) VALUES (324 ,'+48-456-132-912' , 'biuroproje@gmail.com')
INSERT INTO [dbo].[Company] (CompanyName, CustomerID) VALUES ('Biuro Projektowania Systemów Cyfrowych' , 324 )
INSERT INTO [dbo].[Customer] (CustomerID, Phone, Email) VALUES (325 ,'+48-456-132-885' , 'comtegra@gmail.com')
INSERT INTO [dbo].[Company] (CompanyName, CustomerID) VALUES ('Comtegra' , 325 )
INSERT INTO [dbo].[Customer] (CustomerID, Phone, Email) VALUES (326 ,'+48-456-132-888' , 'bccbusines@gmail.com')
INSERT INTO [dbo].[Company] (CompanyName, CustomerID) VALUES ('BCC (Business Consulting Center)' , 326 )
INSERT INTO [dbo].[Customer] (CustomerID, Phone, Email) VALUES (327 ,'+48-456-132-983' , 'businesspa@gmail.com')
INSERT INTO [dbo].[Company] (CompanyName, CustomerID) VALUES ('Business Partners eXcellence Sp. z o.o.' , 327 )
INSERT INTO [dbo].[Customer] (CustomerID, Phone, Email) VALUES (328 ,'+48-456-132-873' , 'talex@gmail.com')
INSERT INTO [dbo].[Company] (CompanyName, CustomerID) VALUES ('Talex' , 328 )
INSERT INTO [dbo].[Customer] (CustomerID, Phone, Email) VALUES (329 ,'+48-456-132-901' , 'ey@gmail.com')
INSERT INTO [dbo].[Company] (CompanyName, CustomerID) VALUES ('EY' , 329 )
INSERT INTO [dbo].[Customer] (CustomerID, Phone, Email) VALUES (330 ,'+48-456-133-089' , 'espeosoftw@gmail.com')
INSERT INTO [dbo].[Company] (CompanyName, CustomerID) VALUES ('espeo software' , 330 )
INSERT INTO [dbo].[Customer] (CustomerID, Phone, Email) VALUES (331 ,'+48-456-132-868' , 'ricohpolsk@gmail.com')
INSERT INTO [dbo].[Company] (CompanyName, CustomerID) VALUES ('Ricoh Polska' , 331 )
INSERT INTO [dbo].[Customer] (CustomerID, Phone, Email) VALUES (332 ,'+48-456-132-814' , 'veracomp@gmail.com')
INSERT INTO [dbo].[Company] (CompanyName, CustomerID) VALUES ('Veracomp' , 332 )
INSERT INTO [dbo].[Customer] (CustomerID, Phone, Email) VALUES (333 ,'+48-456-132-905' , 'necdisplay@gmail.com')
INSERT INTO [dbo].[Company] (CompanyName, CustomerID) VALUES ('NEC Display Solutions GmbH' , 333 )
INSERT INTO [dbo].[Customer] (CustomerID, Phone, Email) VALUES (334 ,'+48-456-132-972' , 'zakladuslu@gmail.com')
INSERT INTO [dbo].[Company] (CompanyName, CustomerID) VALUES ('Zakład Usług Informatycznych OTAGO Sp. z o.o.' , 334 )
INSERT INTO [dbo].[Customer] (CustomerID, Phone, Email) VALUES (335 ,'+48-456-132-958' , 'kontelspol@gmail.com')
INSERT INTO [dbo].[Company] (CompanyName, CustomerID) VALUES ('KONTEL Spółka z ograniczoną odpowiedzialnością Sp.k.' , 335 )
INSERT INTO [dbo].[Customer] (CustomerID, Phone, Email) VALUES (336 ,'+48-456-133-012' , 'vividgames@gmail.com')
INSERT INTO [dbo].[Company] (CompanyName, CustomerID) VALUES ('Vivid Games' , 336 )
INSERT INTO [dbo].[Customer] (CustomerID, Phone, Email) VALUES (337 ,'+48-456-133-057' , 'altab@gmail.com')
INSERT INTO [dbo].[Company] (CompanyName, CustomerID) VALUES ('ALTAB' , 337 )
INSERT INTO [dbo].[Customer] (CustomerID, Phone, Email) VALUES (338 ,'+48-456-132-913' , 'macrologic@gmail.com')
INSERT INTO [dbo].[Company] (CompanyName, CustomerID) VALUES ('Macrologic' , 338 )
INSERT INTO [dbo].[Customer] (CustomerID, Phone, Email) VALUES (339 ,'+48-456-133-039' , '7milowy@gmail.com')
INSERT INTO [dbo].[Company] (CompanyName, CustomerID) VALUES ('7milowy' , 339 )
INSERT INTO [dbo].[Customer] (CustomerID, Phone, Email) VALUES (340 ,'+48-456-133-094' , 'enxoo@gmail.com')
INSERT INTO [dbo].[Company] (CompanyName, CustomerID) VALUES ('Enxoo' , 340 )
INSERT INTO [dbo].[Customer] (CustomerID, Phone, Email) VALUES (341 ,'+48-456-133-076' , 'ibpmsa@gmail.com')
INSERT INTO [dbo].[Company] (CompanyName, CustomerID) VALUES ('IBPM SA' , 341 )
INSERT INTO [dbo].[Customer] (CustomerID, Phone, Email) VALUES (342 ,'+48-456-132-989' , 'sputniksof@gmail.com')
INSERT INTO [dbo].[Company] (CompanyName, CustomerID) VALUES ('Sputnik Software' , 342 )
INSERT INTO [dbo].[Customer] (CustomerID, Phone, Email) VALUES (343 ,'+48-456-132-835' , 'fujitsutec@gmail.com')
INSERT INTO [dbo].[Company] (CompanyName, CustomerID) VALUES ('Fujitsu Technology Solutions' , 343 )
INSERT INTO [dbo].[Customer] (CustomerID, Phone, Email) VALUES (344 ,'+48-456-133-027' , 'softman@gmail.com')
INSERT INTO [dbo].[Company] (CompanyName, CustomerID) VALUES ('Softman' , 344 )
INSERT INTO [dbo].[Customer] (CustomerID, Phone, Email) VALUES (345 ,'+48-456-132-857' , 'tietopolan@gmail.com')
INSERT INTO [dbo].[Company] (CompanyName, CustomerID) VALUES ('Tieto Poland' , 345 )
INSERT INTO [dbo].[Customer] (CustomerID, Phone, Email) VALUES (346 ,'+48-456-132-867' , 'brotherpol@gmail.com')
INSERT INTO [dbo].[Company] (CompanyName, CustomerID) VALUES ('Brother Polska' , 346 )
INSERT INTO [dbo].[Customer] (CustomerID, Phone, Email) VALUES (347 ,'+48-456-133-080' , 'itsg@gmail.com')
INSERT INTO [dbo].[Company] (CompanyName, CustomerID) VALUES ('ITSG' , 347 )
INSERT INTO [dbo].[Customer] (CustomerID, Phone, Email) VALUES (348 ,'+48-456-132-996' , 'cloudtechn@gmail.com')
INSERT INTO [dbo].[Company] (CompanyName, CustomerID) VALUES ('Cloud Technologies' , 348 )
INSERT INTO [dbo].[Customer] (CustomerID, Phone, Email) VALUES (349 ,'+48-456-132-876' , 'unizetotec@gmail.com')
INSERT INTO [dbo].[Company] (CompanyName, CustomerID) VALUES ('UNIZETO TECHNOLOGIES' , 349 )
INSERT INTO [dbo].[Customer] (CustomerID, Phone, Email) VALUES (350 ,'+48-456-132-902' , 'proximus@gmail.com')
INSERT INTO [dbo].[Company] (CompanyName, CustomerID) VALUES ('Proximus' , 350 )
INSERT INTO [dbo].[Customer] (CustomerID, Phone, Email) VALUES (351 ,'+48-456-133-104' , '2intellect@gmail.com')
INSERT INTO [dbo].[Company] (CompanyName, CustomerID) VALUES ('2INTELLECT.COM S.A.' , 351 )
INSERT INTO [dbo].[Customer] (CustomerID, Phone, Email) VALUES (352 ,'+48-456-133-029' , 'dsrspzoo@gmail.com')
INSERT INTO [dbo].[Company] (CompanyName, CustomerID) VALUES ('DSR Sp. z o.o.' , 352 )
INSERT INTO [dbo].[Customer] (CustomerID, Phone, Email) VALUES (353 ,'+48-456-132-842' , 'sii@gmail.com')
INSERT INTO [dbo].[Company] (CompanyName, CustomerID) VALUES ('Sii' , 353 )
INSERT INTO [dbo].[Customer] (CustomerID, Phone, Email) VALUES (354 ,'+48-456-132-879' , 'itkontrakt@gmail.com')
INSERT INTO [dbo].[Company] (CompanyName, CustomerID) VALUES ('IT Kontrakt' , 354 )
INSERT INTO [dbo].[Customer] (CustomerID, Phone, Email) VALUES (355 ,'+48-456-132-938' , 'blstream@gmail.com')
INSERT INTO [dbo].[Company] (CompanyName, CustomerID) VALUES ('BLStream' , 355 )
INSERT INTO [dbo].[Customer] (CustomerID, Phone, Email) VALUES (356 ,'+48-456-133-065' , 'alfavox@gmail.com')
INSERT INTO [dbo].[Company] (CompanyName, CustomerID) VALUES ('Alfavox' , 356 )
INSERT INTO [dbo].[Customer] (CustomerID, Phone, Email) VALUES (357 ,'+48-456-132-986' , 'ventuscomm@gmail.com')
INSERT INTO [dbo].[Company] (CompanyName, CustomerID) VALUES ('Ventus Communications' , 357 )
INSERT INTO [dbo].[Customer] (CustomerID, Phone, Email) VALUES (358 ,'+48-456-132-979' , 'guidewires@gmail.com')
INSERT INTO [dbo].[Company] (CompanyName, CustomerID) VALUES ('Guidewire Software Poland' , 358 )
INSERT INTO [dbo].[Customer] (CustomerID, Phone, Email) VALUES (359 ,'+48-456-132-907' , 'sevenet@gmail.com')
INSERT INTO [dbo].[Company] (CompanyName, CustomerID) VALUES ('Sevenet' , 359 )
INSERT INTO [dbo].[Customer] (CustomerID, Phone, Email) VALUES (360 ,'+48-456-132-993' , 'questdystr@gmail.com')
INSERT INTO [dbo].[Company] (CompanyName, CustomerID) VALUES ('Quest-Dystrybucja' , 360 )
INSERT INTO [dbo].[Customer] (CustomerID, Phone, Email) VALUES (361 ,'+48-456-132-895' , 'adobesyste@gmail.com')
INSERT INTO [dbo].[Company] (CompanyName, CustomerID) VALUES ('Adobe Systems Polska' , 361 )
INSERT INTO [dbo].[Customer] (CustomerID, Phone, Email) VALUES (362 ,'+48-456-133-106' , 'xylent@gmail.com')
INSERT INTO [dbo].[Company] (CompanyName, CustomerID) VALUES ('Xylent' , 362 )
INSERT INTO [dbo].[Customer] (CustomerID, Phone, Email) VALUES (363 ,'+48-456-132-833' , 'asbisplspz@gmail.com')
INSERT INTO [dbo].[Company] (CompanyName, CustomerID) VALUES ('ASBIS PL Sp. z o.o.' , 363 )
INSERT INTO [dbo].[Customer] (CustomerID, Phone, Email) VALUES (364 ,'+48-456-132-807' , 'techdatapo@gmail.com')
INSERT INTO [dbo].[Company] (CompanyName, CustomerID) VALUES ('Tech Data Polska' , 364 )
INSERT INTO [dbo].[Customer] (CustomerID, Phone, Email) VALUES (365 ,'+48-456-133-113' , 'eintegra@gmail.com')
INSERT INTO [dbo].[Company] (CompanyName, CustomerID) VALUES ('E-integra' , 365 )
INSERT INTO [dbo].[Customer] (CustomerID, Phone, Email) VALUES (366 ,'+48-456-132-937' , 'netologysp@gmail.com')
INSERT INTO [dbo].[Company] (CompanyName, CustomerID) VALUES ('net-o-logy Sp. z o.o.' , 366 )
INSERT INTO [dbo].[Customer] (CustomerID, Phone, Email) VALUES (367 ,'+48-456-133-024' , 'soneta@gmail.com')
INSERT INTO [dbo].[Company] (CompanyName, CustomerID) VALUES ('Soneta' , 367 )
INSERT INTO [dbo].[Customer] (CustomerID, Phone, Email) VALUES (368 ,'+48-456-132-880' , 'cubeitg@gmail.com')
INSERT INTO [dbo].[Company] (CompanyName, CustomerID) VALUES ('CUBE.ITG' , 368 )
INSERT INTO [dbo].[Customer] (CustomerID, Phone, Email) VALUES (369 ,'+48-456-133-036' , 'centrumsys@gmail.com')
INSERT INTO [dbo].[Company] (CompanyName, CustomerID) VALUES ('Centrum Systemów Komputerowych ZETO SA' , 369 )
INSERT INTO [dbo].[Customer] (CustomerID, Phone, Email) VALUES (370 ,'+48-456-132-980' , 'teradatapo@gmail.com')
INSERT INTO [dbo].[Company] (CompanyName, CustomerID) VALUES ('Teradata Polska' , 370 )
INSERT INTO [dbo].[Customer] (CustomerID, Phone, Email) VALUES (371 ,'+48-456-133-030' , 'heuthesspz@gmail.com')
INSERT INTO [dbo].[Company] (CompanyName, CustomerID) VALUES ('HEUTHES Sp. z o.o.' , 371 )
INSERT INTO [dbo].[Customer] (CustomerID, Phone, Email) VALUES (372 ,'+48-456-132-808' , 'incomsa@gmail.com')
INSERT INTO [dbo].[Company] (CompanyName, CustomerID) VALUES ('Incom SA' , 372 )
INSERT INTO [dbo].[Customer] (CustomerID, Phone, Email) VALUES (373 ,'+48-456-132-894' , 'vmware@gmail.com')
INSERT INTO [dbo].[Company] (CompanyName, CustomerID) VALUES ('VMware' , 373 )
INSERT INTO [dbo].[Customer] (CustomerID, Phone, Email) VALUES (374 ,'+48-456-132-988' , 'jcommerce@gmail.com')
INSERT INTO [dbo].[Company] (CompanyName, CustomerID) VALUES ('JCommerce' , 374 )
INSERT INTO [dbo].[Customer] (CustomerID, Phone, Email) VALUES (375 ,'+48-456-132-822' , 'sygnitysa@gmail.com')
INSERT INTO [dbo].[Company] (CompanyName, CustomerID) VALUES ('Sygnity S.A.' , 375 )
INSERT INTO [dbo].[Customer] (CustomerID, Phone, Email) VALUES (376 ,'+48-456-132-864' , 'atenauslug@gmail.com')
INSERT INTO [dbo].[Company] (CompanyName, CustomerID) VALUES ('ATENA Usługi Informatyczne i Finansowe SA' , 376 )
INSERT INTO [dbo].[Customer] (CustomerID, Phone, Email) VALUES (377 ,'+48-456-133-018' , 'iai@gmail.com')
INSERT INTO [dbo].[Company] (CompanyName, CustomerID) VALUES ('IAI' , 377 )
INSERT INTO [dbo].[Customer] (CustomerID, Phone, Email) VALUES (378 ,'+48-456-133-088' , 'looksoft@gmail.com')
INSERT INTO [dbo].[Company] (CompanyName, CustomerID) VALUES ('Looksoft' , 378 )
INSERT INTO [dbo].[Customer] (CustomerID, Phone, Email) VALUES (379 ,'+48-456-132-815' , 'nttsystem@gmail.com')
INSERT INTO [dbo].[Company] (CompanyName, CustomerID) VALUES ('NTT System' , 379 )
INSERT INTO [dbo].[Customer] (CustomerID, Phone, Email) VALUES (380 ,'+48-456-133-055' , 'xsolve@gmail.com')
INSERT INTO [dbo].[Company] (CompanyName, CustomerID) VALUES ('XSolve' , 380 )
INSERT INTO [dbo].[Customer] (CustomerID, Phone, Email) VALUES (381 ,'+48-456-133-066' , 'bscpolska@gmail.com')
INSERT INTO [dbo].[Company] (CompanyName, CustomerID) VALUES ('BSC Polska' , 381 )
INSERT INTO [dbo].[Customer] (CustomerID, Phone, Email) VALUES (382 ,'+48-456-133-079' , 'macrogames@gmail.com')
INSERT INTO [dbo].[Company] (CompanyName, CustomerID) VALUES ('Macro Games' , 382 )
INSERT INTO [dbo].[Customer] (CustomerID, Phone, Email) VALUES (383 ,'+48-456-132-914' , 'youngdigit@gmail.com')
INSERT INTO [dbo].[Company] (CompanyName, CustomerID) VALUES ('Young Digital Planet' , 383 )
INSERT INTO [dbo].[Customer] (CustomerID, Phone, Email) VALUES (384 ,'+48-456-132-826' , 'maxcompute@gmail.com')
INSERT INTO [dbo].[Company] (CompanyName, CustomerID) VALUES ('MAX Computers' , 384 )
INSERT INTO [dbo].[Customer] (CustomerID, Phone, Email) VALUES (385 ,'+48-456-133-028' , 'touk@gmail.com')
INSERT INTO [dbo].[Company] (CompanyName, CustomerID) VALUES ('TouK' , 385 )
INSERT INTO [dbo].[Customer] (CustomerID, Phone, Email) VALUES (386 ,'+48-456-132-918' , 'dgt@gmail.com')
INSERT INTO [dbo].[Company] (CompanyName, CustomerID) VALUES ('DGT' , 386 )
INSERT INTO [dbo].[Customer] (CustomerID, Phone, Email) VALUES (387 ,'+48-456-132-933' , 'skksystemy@gmail.com')
INSERT INTO [dbo].[Company] (CompanyName, CustomerID) VALUES ('SKK - Systemy Kodów Kreskowych' , 387 )
INSERT INTO [dbo].[Customer] (CustomerID, Phone, Email) VALUES (388 ,'+48-456-132-830' , 'capgeminip@gmail.com')
INSERT INTO [dbo].[Company] (CompanyName, CustomerID) VALUES ('Capgemini Polska' , 388 )
INSERT INTO [dbo].[Customer] (CustomerID, Phone, Email) VALUES (389 ,'+48-456-132-929' , 'impaq@gmail.com')
INSERT INTO [dbo].[Company] (CompanyName, CustomerID) VALUES ('IMPAQ' , 389 )
INSERT INTO [dbo].[Customer] (CustomerID, Phone, Email) VALUES (390 ,'+48-456-133-035' , 'powermedia@gmail.com')
INSERT INTO [dbo].[Company] (CompanyName, CustomerID) VALUES ('Power Media' , 390 )
INSERT INTO [dbo].[Customer] (CustomerID, Phone, Email) VALUES (391 ,'+48-456-132-948' , 'pentacomps@gmail.com')
INSERT INTO [dbo].[Company] (CompanyName, CustomerID) VALUES ('Pentacomp Systemy Informatyczne' , 391 )
INSERT INTO [dbo].[Customer] (CustomerID, Phone, Email) VALUES (392 ,'+48-456-133-090' , 'systemicsp@gmail.com')
INSERT INTO [dbo].[Company] (CompanyName, CustomerID) VALUES ('Systemics-PAB' , 392 )
INSERT INTO [dbo].[Customer] (CustomerID, Phone, Email) VALUES (393 ,'+48-456-132-887' , 'centralnyo@gmail.com')
INSERT INTO [dbo].[Company] (CompanyName, CustomerID) VALUES ('Centralny Ośrodek Informatyki Górnictwa' , 393 )
INSERT INTO [dbo].[Customer] (CustomerID, Phone, Email) VALUES (394 ,'+48-456-132-878' , 'opteam@gmail.com')
INSERT INTO [dbo].[Company] (CompanyName, CustomerID) VALUES ('OPTeam' , 394 )
INSERT INTO [dbo].[Customer] (CustomerID, Phone, Email) VALUES (395 ,'+48-456-132-851' , 'sprintsa@gmail.com')
INSERT INTO [dbo].[Company] (CompanyName, CustomerID) VALUES ('Sprint S.A.' , 395 )
INSERT INTO [dbo].[Customer] (CustomerID, Phone, Email) VALUES (396 ,'+48-456-132-994' , '11bitstudi@gmail.com')
INSERT INTO [dbo].[Company] (CompanyName, CustomerID) VALUES ('11 bit studios' , 396 )
INSERT INTO [dbo].[Customer] (CustomerID, Phone, Email) VALUES (397 ,'+48-456-133-022' , 'biztechkon@gmail.com')
INSERT INTO [dbo].[Company] (CompanyName, CustomerID) VALUES ('BizTech Konsulting' , 397 )
INSERT INTO [dbo].[Customer] (CustomerID, Phone, Email) VALUES (398 ,'+48-456-133-112' , 'immusecspz@gmail.com')
INSERT INTO [dbo].[Company] (CompanyName, CustomerID) VALUES ('IMMUSEC Sp. z o.o.' , 398 )
INSERT INTO [dbo].[Customer] (CustomerID, Phone, Email) VALUES (399 ,'+48-456-132-932' , 'itc@gmail.com')
INSERT INTO [dbo].[Company] (CompanyName, CustomerID) VALUES ('ITC' , 399 )
INSERT INTO [dbo].[Customer] (CustomerID, Phone, Email) VALUES (400 ,'+48-456-133-034' , 'mineralmid@gmail.com')
INSERT INTO [dbo].[Company] (CompanyName, CustomerID) VALUES ('MINERAL MIDRANGE SA' , 400 )
INSERT INTO [dbo].[Customer] (CustomerID, Phone, Email) VALUES (401 ,'+48-456-132-862' , 'arcus@gmail.com')
INSERT INTO [dbo].[Company] (CompanyName, CustomerID) VALUES ('Arcus' , 401 )
INSERT INTO [dbo].[Customer] (CustomerID, Phone, Email) VALUES (402 ,'+48-456-132-942' , 'itserwis@gmail.com')
INSERT INTO [dbo].[Company] (CompanyName, CustomerID) VALUES ('IT Serwis' , 402 )
INSERT INTO [dbo].[Customer] (CustomerID, Phone, Email) VALUES (403 ,'+48-456-133-098' , 'syndatis@gmail.com')
INSERT INTO [dbo].[Company] (CompanyName, CustomerID) VALUES ('Syndatis' , 403 )
INSERT INTO [dbo].[Customer] (CustomerID, Phone, Email) VALUES (404 ,'+48-456-132-995' , 'zakladelek@outlook.com')
INSERT INTO [dbo].[Company] (CompanyName, CustomerID) VALUES ('ZAKŁAD ELEKTRONICZNEJ TECHNIKI OBLICZENIOWEJ SP. Z O.O.' , 404 )
INSERT INTO [dbo].[Customer] (CustomerID, Phone, Email) VALUES (405 ,'+48-456-132-910' , 'lgbspolska@gmail.com')
INSERT INTO [dbo].[Company] (CompanyName, CustomerID) VALUES ('LGBS Polska' , 405 )
INSERT INTO [dbo].[Customer] (CustomerID, Phone, Email) VALUES (406 ,'+48-456-132-945' , 'engavespzo@gmail.com')
INSERT INTO [dbo].[Company] (CompanyName, CustomerID) VALUES ('Engave Sp. z o.o.' , 406 )
INSERT INTO [dbo].[Customer] (CustomerID, Phone, Email) VALUES (407 ,'+48-456-133-037' , 'netland@gmail.com')
INSERT INTO [dbo].[Company] (CompanyName, CustomerID) VALUES ('NetLand' , 407 )
INSERT INTO [dbo].[Customer] (CustomerID, Phone, Email) VALUES (408 ,'+48-456-132-920' , '7nspzoo@gmail.com')
INSERT INTO [dbo].[Company] (CompanyName, CustomerID) VALUES ('7N Sp. z o.o.' , 408 )
INSERT INTO [dbo].[Customer] (CustomerID, Phone, Email) VALUES (409 ,'+48-456-132-971' , 'hitachidat@gmail.com')
INSERT INTO [dbo].[Company] (CompanyName, CustomerID) VALUES ('Hitachi Data Systems (Polska) Sp. z o.o.' , 409 )
INSERT INTO [dbo].[Customer] (CustomerID, Phone, Email) VALUES (410 ,'+48-456-132-897' , 'futureproc@gmail.com')
INSERT INTO [dbo].[Company] (CompanyName, CustomerID) VALUES ('Future Processing' , 410 )
INSERT INTO [dbo].[Customer] (CustomerID, Phone, Email) VALUES (411 ,'+48-456-132-916' , 'softwaremi@gmail.com')
INSERT INTO [dbo].[Company] (CompanyName, CustomerID) VALUES ('Software Mind SA' , 411 )
INSERT INTO [dbo].[Customer] (CustomerID, Phone, Email) VALUES (412 ,'+48-456-132-871' , 'pkpinforma@gmail.com')
INSERT INTO [dbo].[Company] (CompanyName, CustomerID) VALUES ('PKP Informatyka' , 412 )
INSERT INTO [dbo].[Customer] (CustomerID, Phone, Email) VALUES (413 ,'+48-456-132-874' , 'newindspzo@gmail.com')
INSERT INTO [dbo].[Company] (CompanyName, CustomerID) VALUES ('NEWIND sp. z o.o.' , 413 )
INSERT INTO [dbo].[Customer] (CustomerID, Phone, Email) VALUES (414 ,'+48-456-132-950' , 'dlinkpolsk@gmail.com')
INSERT INTO [dbo].[Company] (CompanyName, CustomerID) VALUES ('D-Link (Polska)' , 414 )
INSERT INTO [dbo].[Customer] (CustomerID, Phone, Email) VALUES (415 ,'+48-456-132-949' , 'bmcsoftwar@gmail.com')
INSERT INTO [dbo].[Company] (CompanyName, CustomerID) VALUES ('BMC Software' , 415 )
INSERT INTO [dbo].[Customer] (CustomerID, Phone, Email) VALUES (416 ,'+48-456-132-973' , 'globema@gmail.com')
INSERT INTO [dbo].[Company] (CompanyName, CustomerID) VALUES ('Globema' , 416 )
INSERT INTO [dbo].[Customer] (CustomerID, Phone, Email) VALUES (417 ,'+48-456-132-811' , 'dellpolska@gmail.com')
INSERT INTO [dbo].[Company] (CompanyName, CustomerID) VALUES ('Dell Polska' , 417 )
INSERT INTO [dbo].[Customer] (CustomerID, Phone, Email) VALUES (418 ,'+48-456-133-008' , 'ctpartners@gmail.com')
INSERT INTO [dbo].[Company] (CompanyName, CustomerID) VALUES ('CTPartners' , 418 )
INSERT INTO [dbo].[Customer] (CustomerID, Phone, Email) VALUES (419 ,'+48-456-132-812' , 'ibmpolska@gmail.com')
INSERT INTO [dbo].[Company] (CompanyName, CustomerID) VALUES ('IBM Polska' , 419 )
INSERT INTO [dbo].[Customer] (CustomerID, Phone, Email) VALUES (420 ,'+48-456-132-823' , 'sappolska@gmail.com')
INSERT INTO [dbo].[Company] (CompanyName, CustomerID) VALUES ('SAP Polska' , 420 )
INSERT INTO [dbo].[Customer] (CustomerID, Phone, Email) VALUES (421 ,'+48-456-133-025' , 'btcbusines@gmail.com')
INSERT INTO [dbo].[Company] (CompanyName, CustomerID) VALUES ('BTC Business Technology Consulting Sp. z o.o.' , 421 )
INSERT INTO [dbo].[Customer] (CustomerID, Phone, Email) VALUES (422 ,'+48-456-133-095' , 'consorg@gmail.com')
INSERT INTO [dbo].[Company] (CompanyName, CustomerID) VALUES ('CONSORG' , 422 )
INSERT INTO [dbo].[Customer] (CustomerID, Phone, Email) VALUES (423 ,'+48-456-132-843' , 'senetic@gmail.com')
INSERT INTO [dbo].[Company] (CompanyName, CustomerID) VALUES ('Senetic' , 423 )
INSERT INTO [dbo].[Customer] (CustomerID, Phone, Email) VALUES (424 ,'+48-456-133-078' , 'system1@gmail.com')
INSERT INTO [dbo].[Company] (CompanyName, CustomerID) VALUES ('System-1' , 424 )
INSERT INTO [dbo].[Customer] (CustomerID, Phone, Email) VALUES (425 ,'+48-456-132-962' , 'streamsoft@gmail.com')
INSERT INTO [dbo].[Company] (CompanyName, CustomerID) VALUES ('Streamsoft' , 425 )
INSERT INTO [dbo].[Customer] (CustomerID, Phone, Email) VALUES (426 ,'+48-456-132-987' , 'livechatso@gmail.com')
INSERT INTO [dbo].[Company] (CompanyName, CustomerID) VALUES ('LiveChat Software' , 426 )
INSERT INTO [dbo].[Customer] (CustomerID, Phone, Email) VALUES (427 ,'+48-456-133-073' , 'insolution@gmail.com')
INSERT INTO [dbo].[Company] (CompanyName, CustomerID) VALUES ('inSolutions s.c.' , 427 )
INSERT INTO [dbo].[Customer] (CustomerID, Phone, Email) VALUES (428 ,'+48-456-132-817' , 'oraclepols@gmail.com')
INSERT INTO [dbo].[Company] (CompanyName, CustomerID) VALUES ('Oracle Polska' , 428 )
INSERT INTO [dbo].[Customer] (CustomerID, Phone, Email) VALUES (429 ,'+48-456-132-952' , 'autodesk@gmail.com')
INSERT INTO [dbo].[Company] (CompanyName, CustomerID) VALUES ('Autodesk' , 429 )
INSERT INTO [dbo].[Customer] (CustomerID, Phone, Email) VALUES (430 ,'+48-456-132-865' , 'infomexspz@gmail.com')
INSERT INTO [dbo].[Company] (CompanyName, CustomerID) VALUES ('Infomex Sp. z o.o.' , 430 )
INSERT INTO [dbo].[Customer] (CustomerID, Phone, Email) VALUES (431 ,'+48-456-132-976' , 'cybercompo@gmail.com')
INSERT INTO [dbo].[Company] (CompanyName, CustomerID) VALUES ('Cybercom Poland' , 431 )
INSERT INTO [dbo].[Customer] (CustomerID, Phone, Email) VALUES (432 ,'+48-456-132-964' , 'integrakom@gmail.com')
INSERT INTO [dbo].[Company] (CompanyName, CustomerID) VALUES ('IntegraKom sp. z o.o.' , 432 )
INSERT INTO [dbo].[Customer] (CustomerID, Phone, Email) VALUES (433 ,'+48-456-132-943' , 'cdprojekts@gmail.com')
INSERT INTO [dbo].[Company] (CompanyName, CustomerID) VALUES ('CD PROJEKT SA' , 433 )
INSERT INTO [dbo].[Customer] (CustomerID, Phone, Email) VALUES (434 ,'+48-456-132-927' , 'axium@gmail.com')
INSERT INTO [dbo].[Company] (CompanyName, CustomerID) VALUES ('AXIUM' , 434 )
INSERT INTO [dbo].[Customer] (CustomerID, Phone, Email) VALUES (435 ,'+48-456-132-961' , 'cf@gmail.com')
INSERT INTO [dbo].[Company] (CompanyName, CustomerID) VALUES ('C&F' , 435 )
INSERT INTO [dbo].[Customer] (CustomerID, Phone, Email) VALUES (436 ,'+48-456-133-071' , 'wheelsyste@gmail.com')
INSERT INTO [dbo].[Company] (CompanyName, CustomerID) VALUES ('WHEEL Systems' , 436 )
INSERT INTO [dbo].[Customer] (CustomerID, Phone, Email) VALUES (437 ,'+48-456-133-058' , 'oepdlabady@gmail.com')
INSERT INTO [dbo].[Company] (CompanyName, CustomerID) VALUES ('OEPD ŁABĘDY Sp. z o.o.' , 437 )
INSERT INTO [dbo].[Customer] (CustomerID, Phone, Email) VALUES (438 ,'+48-456-133-019' , 'veeamsoftw@gmail.com')
INSERT INTO [dbo].[Company] (CompanyName, CustomerID) VALUES ('Veeam Software' , 438 )
INSERT INTO [dbo].[Customer] (CustomerID, Phone, Email) VALUES (439 ,'+48-456-133-026' , 'quantumsof@gmail.com')
INSERT INTO [dbo].[Company] (CompanyName, CustomerID) VALUES ('Quantum Software' , 439 )
INSERT INTO [dbo].[Customer] (CustomerID, Phone, Email) VALUES (440 ,'+48-456-132-930' , 'bonair@gmail.com')
INSERT INTO [dbo].[Company] (CompanyName, CustomerID) VALUES ('Bonair' , 440 )
INSERT INTO [dbo].[Customer] (CustomerID, Phone, Email) VALUES (441 ,'+48-456-132-819' , 'bluemedia@gmail.com')
INSERT INTO [dbo].[Company] (CompanyName, CustomerID) VALUES ('Blue Media' , 441 )
INSERT INTO [dbo].[Customer] (CustomerID, Phone, Email) VALUES (442 ,'+48-456-133-081' , 'reset2@gmail.com')
INSERT INTO [dbo].[Company] (CompanyName, CustomerID) VALUES ('Reset2' , 442 )
INSERT INTO [dbo].[Customer] (CustomerID, Phone, Email) VALUES (443 ,'+48-456-132-999' , 'makolab@gmail.com')
INSERT INTO [dbo].[Company] (CompanyName, CustomerID) VALUES ('MakoLab' , 443 )
INSERT INTO [dbo].[Customer] (CustomerID, Phone, Email) VALUES (444 ,'+48-456-132-890' , 'sagespzoo@gmail.com')
INSERT INTO [dbo].[Company] (CompanyName, CustomerID) VALUES ('Sage sp. z o.o.' , 444 )
INSERT INTO [dbo].[Customer] (CustomerID, Phone, Email) VALUES (445 ,'+48-456-133-093' , 'itcubesoft@gmail.com')
INSERT INTO [dbo].[Company] (CompanyName, CustomerID) VALUES ('ITCube Software' , 445 )
INSERT INTO [dbo].[Customer] (CustomerID, Phone, Email) VALUES (446 ,'+48-456-132-803' , 'samsungele@gmail.com')
INSERT INTO [dbo].[Company] (CompanyName, CustomerID) VALUES ('Samsung Electronics Polska' , 446 )
INSERT INTO [dbo].[Customer] (CustomerID, Phone, Email) VALUES (447 ,'+48-456-133-116' , 'grcadvisor@gmail.com')
INSERT INTO [dbo].[Company] (CompanyName, CustomerID) VALUES ('GRC Advisory' , 447 )
INSERT INTO [dbo].[Customer] (CustomerID, Phone, Email) VALUES (448 ,'+48-456-133-070' , 'cpuservice@gmail.com')
INSERT INTO [dbo].[Company] (CompanyName, CustomerID) VALUES ('CPU-Service sp. z o.o.' , 448 )
INSERT INTO [dbo].[Customer] (CustomerID, Phone, Email) VALUES (449 ,'+48-456-132-953' , 'medicalgor@gmail.com')
INSERT INTO [dbo].[Company] (CompanyName, CustomerID) VALUES ('MEDICALgorithmics SA' , 449 )
INSERT INTO [dbo].[Customer] (CustomerID, Phone, Email) VALUES (450 ,'+48-456-133-015' , 'simplespzo@gmail.com')
INSERT INTO [dbo].[Company] (CompanyName, CustomerID) VALUES ('SIMPLE Sp. z o.o.' , 450 )
INSERT INTO [dbo].[Customer] (CustomerID, Phone, Email) VALUES (451 ,'+48-456-133-101' , 'komplus@gmail.com')
INSERT INTO [dbo].[Company] (CompanyName, CustomerID) VALUES ('KOMPLUS' , 451 )
INSERT INTO [dbo].[Customer] (CustomerID, Phone, Email) VALUES (452 ,'+48-456-132-908' , 'dahliamati@gmail.com')
INSERT INTO [dbo].[Company] (CompanyName, CustomerID) VALUES ('DahliaMatic' , 452 )
INSERT INTO [dbo].[Customer] (CustomerID, Phone, Email) VALUES (453 ,'+48-456-133-087' , 'osecspzoo@gmail.com')
INSERT INTO [dbo].[Company] (CompanyName, CustomerID) VALUES ('OSEC Sp. z o.o.' , 453 )
INSERT INTO [dbo].[Customer] (CustomerID, Phone, Email) VALUES (454 ,'+48-456-133-085' , 'etobres@gmail.com')
INSERT INTO [dbo].[Company] (CompanyName, CustomerID) VALUES ('ETOB-RES' , 454 )
INSERT INTO [dbo].[Customer] (CustomerID, Phone, Email) VALUES (455 ,'+48-456-133-007' , 'komserwisp@gmail.com')
INSERT INTO [dbo].[Company] (CompanyName, CustomerID) VALUES ('Komserwis Przedsiębiorstwo Innowacyjno-Wdrożeniowe' , 455 )
INSERT INTO [dbo].[Customer] (CustomerID, Phone, Email) VALUES (456 ,'+48-456-133-074' , 'insoft@gmail.com')
INSERT INTO [dbo].[Company] (CompanyName, CustomerID) VALUES ('INSOFT' , 456 )
INSERT INTO [dbo].[Customer] (CustomerID, Phone, Email) VALUES (457 ,'+48-456-133-061' , 'softhis@gmail.com')
INSERT INTO [dbo].[Company] (CompanyName, CustomerID) VALUES ('Softhis' , 457 )
INSERT INTO [dbo].[Customer] (CustomerID, Phone, Email) VALUES (458 ,'+48-456-132-858' , 'komputroni@outlook.com')
INSERT INTO [dbo].[Company] (CompanyName, CustomerID) VALUES ('Komputronik Biznes' , 458 )
INSERT INTO [dbo].[Customer] (CustomerID, Phone, Email) VALUES (459 ,'+48-456-133-077' , 'f5networks@gmail.com')
INSERT INTO [dbo].[Company] (CompanyName, CustomerID) VALUES ('F5 Networks' , 459 )
INSERT INTO [dbo].[Customer] (CustomerID, Phone, Email) VALUES (460 ,'+48-456-132-956' , 'mcafeepola@gmail.com')
INSERT INTO [dbo].[Company] (CompanyName, CustomerID) VALUES ('McAfee (Poland)' , 460 )
INSERT INTO [dbo].[Customer] (CustomerID, Phone, Email) VALUES (461 ,'+48-456-133-032' , 'netwise@gmail.com')
INSERT INTO [dbo].[Company] (CompanyName, CustomerID) VALUES ('Netwise' , 461 )
INSERT INTO [dbo].[Customer] (CustomerID, Phone, Email) VALUES (462 ,'+48-456-133-086' , 'odl@gmail.com')
INSERT INTO [dbo].[Company] (CompanyName, CustomerID) VALUES ('ODL' , 462 )
INSERT INTO [dbo].[Customer] (CustomerID, Phone, Email) VALUES (463 ,'+48-456-132-921' , 'eipspzoo@gmail.com')
INSERT INTO [dbo].[Company] (CompanyName, CustomerID) VALUES ('EIP Sp. z o.o.' , 463 )
INSERT INTO [dbo].[Customer] (CustomerID, Phone, Email) VALUES (464 ,'+48-456-133-014' , 'gavdipolsk@gmail.com')
INSERT INTO [dbo].[Company] (CompanyName, CustomerID) VALUES ('GAVDI Polska' , 464 )
INSERT INTO [dbo].[Customer] (CustomerID, Phone, Email) VALUES (465 ,'+48-456-132-801' , 'absa@gmail.com')
INSERT INTO [dbo].[Company] (CompanyName, CustomerID) VALUES ('AB SA' , 465 )
INSERT INTO [dbo].[Customer] (CustomerID, Phone, Email) VALUES (466 ,'+48-456-132-923' , 'altkom@gmail.com')
INSERT INTO [dbo].[Company] (CompanyName, CustomerID) VALUES ('Altkom' , 466 )
INSERT INTO [dbo].[Customer] (CustomerID, Phone, Email) VALUES (467 ,'+48-456-132-970' , 'zetosoftwa@gmail.com')
INSERT INTO [dbo].[Company] (CompanyName, CustomerID) VALUES ('ZETO SOFTWARE Sp. z o.o.' , 467 )
INSERT INTO [dbo].[Customer] (CustomerID, Phone, Email) VALUES (468 ,'+48-456-133-117' , 'voicelabsp@gmail.com')
INSERT INTO [dbo].[Company] (CompanyName, CustomerID) VALUES ('Voice Lab Sp. z o.o.' , 468 )
INSERT INTO [dbo].[Customer] (CustomerID, Phone, Email) VALUES (469 ,'+48-456-132-900' , 'junipernet@gmail.com')
INSERT INTO [dbo].[Company] (CompanyName, CustomerID) VALUES ('Juniper Networks Poland' , 469 )
INSERT INTO [dbo].[Customer] (CustomerID, Phone, Email) VALUES (470 ,'+48-456-133-118' , 'chilidagen@gmail.com')
INSERT INTO [dbo].[Company] (CompanyName, CustomerID) VALUES ('Chilid Agency ' , 470 )
