set nocount on;
set identity_insert [dbo].[Customer] on;
INSERT INTO Customer (CustomerID, Phone, Email) VALUES (1 ,'+48-123-460-437' , 'aleks.ambroz@gmail.com')
INSERT INTO Individual (FirstName, LastName, CustomerID) VALUES ('Aleksandra' , 'Ambroży' , 1)
INSERT INTO Customer (CustomerID, Phone, Email) VALUES (2 ,'+48-123-464-587' , 'zenon.leskow@gmail.com')
INSERT INTO Individual (FirstName, LastName, CustomerID) VALUES ('Zenon' , 'Leśków' , 2)
INSERT INTO Customer (CustomerID, Phone, Email) VALUES (3 ,'+48-123-472-030' , 'olga.zuziak@live.com')
INSERT INTO Individual (FirstName, LastName, CustomerID) VALUES ('Olga' , 'Zuziak' , 3)
INSERT INTO Customer (CustomerID, Phone, Email) VALUES (4 ,'+48-123-456-889' , 'andrz.staros@gmail.com')
INSERT INTO Individual (FirstName, LastName, CustomerID) VALUES ('Andrzej' , 'Starostka' , 4)
INSERT INTO Customer (CustomerID, Phone, Email) VALUES (5 ,'+48-123-460-556' , 'micha.sacewi@outlook.com')
INSERT INTO Individual (FirstName, LastName, CustomerID) VALUES ('Michał' , 'Sacewicz' , 5)
INSERT INTO Customer (CustomerID, Phone, Email) VALUES (6 ,'+48-123-465-209' , 'mariu.widel@outlook.com')
INSERT INTO Individual (FirstName, LastName, CustomerID) VALUES ('Mariusz' , 'Wideł' , 6)
INSERT INTO Customer (CustomerID, Phone, Email) VALUES (7 ,'+48-123-471-895' , 'wacla.krzywd@mail.com')
INSERT INTO Individual (FirstName, LastName, CustomerID) VALUES ('Wacław' , 'Krzywda' , 7)
INSERT INTO Customer (CustomerID, Phone, Email) VALUES (8 ,'+48-123-464-021' , 'piotr.tchorz@gmail.com')
INSERT INTO Individual (FirstName, LastName, CustomerID) VALUES ('Piotr' , 'Tchórzewski' , 8)
INSERT INTO Customer (CustomerID, Phone, Email) VALUES (9 ,'+48-123-458-959' , 'anton.hadala@live.com')
INSERT INTO Individual (FirstName, LastName, CustomerID) VALUES ('Antoni' , 'Hadała' , 9)
INSERT INTO Customer (CustomerID, Phone, Email) VALUES (10 ,'+48-123-465-331' , 'filip.rodek@gmail.com')
INSERT INTO Individual (FirstName, LastName, CustomerID) VALUES ('Filip' , 'Rodek' , 10)
INSERT INTO Customer (CustomerID, Phone, Email) VALUES (11 ,'+48-123-460-576' , 'kamil.jozwik@gmail.com')
INSERT INTO Individual (FirstName, LastName, CustomerID) VALUES ('Kamil' , 'Józwik' , 11)
INSERT INTO Customer (CustomerID, Phone, Email) VALUES (12 ,'+48-123-467-179' , 'natal.opielk@gmail.com')
INSERT INTO Individual (FirstName, LastName, CustomerID) VALUES ('Natalia' , 'Opiełka' , 12)
INSERT INTO Customer (CustomerID, Phone, Email) VALUES (13 ,'+48-123-470-066' , 'boles.wasiew@live.com')
INSERT INTO Individual (FirstName, LastName, CustomerID) VALUES ('Bolesław' , 'Wąsiewski' , 13)
INSERT INTO Customer (CustomerID, Phone, Email) VALUES (14 ,'+48-123-467-452' , 'stani.sobura@yahoo.com')
INSERT INTO Individual (FirstName, LastName, CustomerID) VALUES ('Stanisław' , 'Sobura' , 14)
INSERT INTO Customer (CustomerID, Phone, Email) VALUES (15 ,'+48-123-457-458' , 'cezar.osowie@gmail.com')
INSERT INTO Individual (FirstName, LastName, CustomerID) VALUES ('Cezary' , 'Osowiecki' , 15)
INSERT INTO Customer (CustomerID, Phone, Email) VALUES (16 ,'+48-123-464-328' , 'olga.dejewsk@gmail.com')
INSERT INTO Individual (FirstName, LastName, CustomerID) VALUES ('Olga' , 'Dejewska' , 16)
INSERT INTO Customer (CustomerID, Phone, Email) VALUES (17 ,'+48-123-468-312' , 'krzys.pasier@outlook.com')
INSERT INTO Individual (FirstName, LastName, CustomerID) VALUES ('Krzysztof' , 'Pasierbski' , 17)
INSERT INTO Customer (CustomerID, Phone, Email) VALUES (18 ,'+48-123-460-722' , 'berna.morag@outlook.com')
INSERT INTO Individual (FirstName, LastName, CustomerID) VALUES ('Bernadetta' , 'Morąg' , 18)
INSERT INTO Customer (CustomerID, Phone, Email) VALUES (19 ,'+48-123-461-223' , 'wikto.madejs@gmail.com')
INSERT INTO Individual (FirstName, LastName, CustomerID) VALUES ('Wiktor' , 'Madejski' , 19)
INSERT INTO Customer (CustomerID, Phone, Email) VALUES (20 ,'+48-123-469-914' , 'zenon.wernik@outlook.com')
INSERT INTO Individual (FirstName, LastName, CustomerID) VALUES ('Zenon' , 'Wernik' , 20)
INSERT INTO Customer (CustomerID, Phone, Email) VALUES (21 ,'+48-123-459-557' , 'marci.gosk@outlook.com')
INSERT INTO Individual (FirstName, LastName, CustomerID) VALUES ('Marcin' , 'Gosk' , 21)
INSERT INTO Customer (CustomerID, Phone, Email) VALUES (22 ,'+48-123-465-308' , 'piotr.ciupin@outlook.com')
INSERT INTO Individual (FirstName, LastName, CustomerID) VALUES ('Piotr' , 'Ciupiński' , 22)
INSERT INTO Customer (CustomerID, Phone, Email) VALUES (23 ,'+48-123-465-122' , 'lukas.zienta@outlook.com')
INSERT INTO Individual (FirstName, LastName, CustomerID) VALUES ('Łukasz' , 'Ziental' , 23)
INSERT INTO Customer (CustomerID, Phone, Email) VALUES (24 ,'+48-123-459-932' , 'andrz.kremer@outlook.com')
INSERT INTO Individual (FirstName, LastName, CustomerID) VALUES ('Andrzej' , 'Kremer' , 24)
INSERT INTO Customer (CustomerID, Phone, Email) VALUES (25 ,'+48-123-468-915' , 'rober.pazdan@live.com')
INSERT INTO Individual (FirstName, LastName, CustomerID) VALUES ('Robert' , 'Pazdan' , 25)
INSERT INTO Customer (CustomerID, Phone, Email) VALUES (26 ,'+48-123-469-746' , 'olgie.raczko@gmail.com')
INSERT INTO Individual (FirstName, LastName, CustomerID) VALUES ('Olgierd' , 'Raczkowski' , 26)
INSERT INTO Customer (CustomerID, Phone, Email) VALUES (27 ,'+48-123-471-212' , 'mariu.murans@gmail.com')
INSERT INTO Individual (FirstName, LastName, CustomerID) VALUES ('Mariusz' , 'Murański' , 27)
INSERT INTO Customer (CustomerID, Phone, Email) VALUES (28 ,'+48-123-467-003' , 'przem.glenc@live.com')
INSERT INTO Individual (FirstName, LastName, CustomerID) VALUES ('Przemysław' , 'Glenc' , 28)
INSERT INTO Customer (CustomerID, Phone, Email) VALUES (29 ,'+48-123-467-344' , 'franc.gesek@live.com')
INSERT INTO Individual (FirstName, LastName, CustomerID) VALUES ('Franciszek' , 'Gesek' , 29)
INSERT INTO Customer (CustomerID, Phone, Email) VALUES (30 ,'+48-123-461-597' , 'pawel.lubera@outlook.com')
INSERT INTO Individual (FirstName, LastName, CustomerID) VALUES ('Paweł' , 'Luberadzki' , 30)
INSERT INTO Customer (CustomerID, Phone, Email) VALUES (31 ,'+48-123-456-979' , 'norbe.pawlis@gmail.com')
INSERT INTO Individual (FirstName, LastName, CustomerID) VALUES ('Norbert' , 'Pawliszyn' , 31)
INSERT INTO Customer (CustomerID, Phone, Email) VALUES (32 ,'+48-123-459-545' , 'cezar.klemcz@gmail.com')
INSERT INTO Individual (FirstName, LastName, CustomerID) VALUES ('Cezary' , 'Klemczak' , 32)
INSERT INTO Customer (CustomerID, Phone, Email) VALUES (33 ,'+48-123-463-574' , 'renat.jazdzy@yahoo.com')
INSERT INTO Individual (FirstName, LastName, CustomerID) VALUES ('Renata' , 'Jażdżyk' , 33)
INSERT INTO Customer (CustomerID, Phone, Email) VALUES (34 ,'+48-123-465-462' , 'fryde.teresi@outlook.com')
INSERT INTO Individual (FirstName, LastName, CustomerID) VALUES ('Fryderyk' , 'Teresiński' , 34)
INSERT INTO Customer (CustomerID, Phone, Email) VALUES (35 ,'+48-123-458-752' , 'jakub.palick@outlook.com')
INSERT INTO Individual (FirstName, LastName, CustomerID) VALUES ('Jakub' , 'Palicki' , 35)
INSERT INTO Customer (CustomerID, Phone, Email) VALUES (36 ,'+48-123-468-139' , 'tadeu.miskow@outlook.com')
INSERT INTO Individual (FirstName, LastName, CustomerID) VALUES ('Tadeusz' , 'Miśków' , 36)
INSERT INTO Customer (CustomerID, Phone, Email) VALUES (37 ,'+48-123-469-268' , 'eweli.gliwka@yahoo.com')
INSERT INTO Individual (FirstName, LastName, CustomerID) VALUES ('Ewelina' , 'Gliwka' , 37)
INSERT INTO Customer (CustomerID, Phone, Email) VALUES (38 ,'+48-123-461-823' , 'jan.rudecki@outlook.com')
INSERT INTO Individual (FirstName, LastName, CustomerID) VALUES ('Jan' , 'Rudecki' , 38)
INSERT INTO Customer (CustomerID, Phone, Email) VALUES (39 ,'+48-123-467-276' , 'nikod.zwaryc@live.com')
INSERT INTO Individual (FirstName, LastName, CustomerID) VALUES ('Nikodem' , 'Zwarycz' , 39)
INSERT INTO Customer (CustomerID, Phone, Email) VALUES (40 ,'+48-123-458-989' , 'boles.kolacz@gmail.com')
INSERT INTO Individual (FirstName, LastName, CustomerID) VALUES ('Bolesław' , 'Kołaczyński' , 40)
INSERT INTO Customer (CustomerID, Phone, Email) VALUES (41 ,'+48-123-467-890' , 'aniel.nazark@mail.com')
INSERT INTO Individual (FirstName, LastName, CustomerID) VALUES ('Aniela' , 'Nazarko' , 41)
INSERT INTO Customer (CustomerID, Phone, Email) VALUES (42 ,'+48-123-468-766' , 'norbe.flegel@yahoo.com')
INSERT INTO Individual (FirstName, LastName, CustomerID) VALUES ('Norbert' , 'Flegel' , 42)
INSERT INTO Customer (CustomerID, Phone, Email) VALUES (43 ,'+48-123-460-712' , 'norbe.sroga@gmail.com')
INSERT INTO Individual (FirstName, LastName, CustomerID) VALUES ('Norbert' , 'Sroga' , 43)
INSERT INTO Customer (CustomerID, Phone, Email) VALUES (44 ,'+48-123-465-517' , 'rysza.tarcha@outlook.com')
INSERT INTO Individual (FirstName, LastName, CustomerID) VALUES ('Ryszard' , 'Tarchała' , 44)
INSERT INTO Customer (CustomerID, Phone, Email) VALUES (45 ,'+48-123-467-583' , 'franc.palmow@live.com')
INSERT INTO Individual (FirstName, LastName, CustomerID) VALUES ('Franciszek' , 'Palmowski' , 45)
INSERT INTO Customer (CustomerID, Phone, Email) VALUES (46 ,'+48-123-469-833' , 'jan.bogacz@outlook.com')
INSERT INTO Individual (FirstName, LastName, CustomerID) VALUES ('Jan' , 'Bogacz' , 46)
INSERT INTO Customer (CustomerID, Phone, Email) VALUES (47 ,'+48-123-463-537' , 'cezar.golasz@outlook.com')
INSERT INTO Individual (FirstName, LastName, CustomerID) VALUES ('Cezary' , 'Golasz' , 47)
INSERT INTO Customer (CustomerID, Phone, Email) VALUES (48 ,'+48-123-460-924' , 'olga.lozowsk@gmail.com')
INSERT INTO Individual (FirstName, LastName, CustomerID) VALUES ('Olga' , 'Łozowska' , 48)
INSERT INTO Customer (CustomerID, Phone, Email) VALUES (49 ,'+48-123-461-233' , 'ewa.nurska@outlook.com')
INSERT INTO Individual (FirstName, LastName, CustomerID) VALUES ('Ewa' , 'Nurska' , 49)
INSERT INTO Customer (CustomerID, Phone, Email) VALUES (50 ,'+48-123-461-257' , 'kamil.gajcy@gmail.com')
INSERT INTO Individual (FirstName, LastName, CustomerID) VALUES ('Kamil' , 'Gajcy' , 50)
INSERT INTO Customer (CustomerID, Phone, Email) VALUES (51 ,'+48-123-463-766' , 'jerzy.miotke@live.com')
INSERT INTO Individual (FirstName, LastName, CustomerID) VALUES ('Jerzy' , 'Miotke' , 51)
INSERT INTO Customer (CustomerID, Phone, Email) VALUES (52 ,'+48-123-460-158' , 'rados.wojtas@gmail.com')
INSERT INTO Individual (FirstName, LastName, CustomerID) VALUES ('Radosław' , 'Wojtaszewski' , 52)
INSERT INTO Customer (CustomerID, Phone, Email) VALUES (53 ,'+48-123-472-291' , 'stani.grzego@live.com')
INSERT INTO Individual (FirstName, LastName, CustomerID) VALUES ('Stanisław' , 'Grzegórzko' , 53)
INSERT INTO Customer (CustomerID, Phone, Email) VALUES (54 ,'+48-123-465-377' , 'zdzis.barcha@live.com')
INSERT INTO Individual (FirstName, LastName, CustomerID) VALUES ('Zdzisław' , 'Barchański' , 54)
INSERT INTO Customer (CustomerID, Phone, Email) VALUES (55 ,'+48-123-461-978' , 'dawid.smerec@live.com')
INSERT INTO Individual (FirstName, LastName, CustomerID) VALUES ('Dawid' , 'Smereczyński' , 55)
INSERT INTO Customer (CustomerID, Phone, Email) VALUES (56 ,'+48-123-459-304' , 'bogda.marcin@gmail.com')
INSERT INTO Individual (FirstName, LastName, CustomerID) VALUES ('Bogdan' , 'Marcinek' , 56)
INSERT INTO Customer (CustomerID, Phone, Email) VALUES (57 ,'+48-123-471-912' , 'henry.lizure@outlook.com')
INSERT INTO Individual (FirstName, LastName, CustomerID) VALUES ('Henryk' , 'Lizurej' , 57)
INSERT INTO Customer (CustomerID, Phone, Email) VALUES (58 ,'+48-123-457-468' , 'norbe.jadrej@gmail.com')
INSERT INTO Individual (FirstName, LastName, CustomerID) VALUES ('Norbert' , 'Jędrej' , 58)
INSERT INTO Customer (CustomerID, Phone, Email) VALUES (59 ,'+48-123-458-844' , 'filip.ignacz@gmail.com')
INSERT INTO Individual (FirstName, LastName, CustomerID) VALUES ('Filip' , 'Ignaczewski' , 59)
INSERT INTO Customer (CustomerID, Phone, Email) VALUES (60 ,'+48-123-468-865' , 'mariu.liczbi@mail.com')
INSERT INTO Individual (FirstName, LastName, CustomerID) VALUES ('Mariusz' , 'Liczbiński' , 60)
INSERT INTO Customer (CustomerID, Phone, Email) VALUES (61 ,'+48-123-457-510' , 'krzys.datko@gmail.com')
INSERT INTO Individual (FirstName, LastName, CustomerID) VALUES ('Krzysztof' , 'Datko' , 61)
INSERT INTO Customer (CustomerID, Phone, Email) VALUES (62 ,'+48-123-461-588' , 'eugen.lempic@live.com')
INSERT INTO Individual (FirstName, LastName, CustomerID) VALUES ('Eugeniusz' , 'Łempicki' , 62)
INSERT INTO Customer (CustomerID, Phone, Email) VALUES (63 ,'+48-123-467-552' , 'norbe.tomasz@inbox.com')
INSERT INTO Individual (FirstName, LastName, CustomerID) VALUES ('Norbert' , 'Tomaszczyk' , 63)
INSERT INTO Customer (CustomerID, Phone, Email) VALUES (64 ,'+48-123-463-484' , 'filip.liczma@live.com')
INSERT INTO Individual (FirstName, LastName, CustomerID) VALUES ('Filip' , 'Liczmański' , 64)
INSERT INTO Customer (CustomerID, Phone, Email) VALUES (65 ,'+48-123-471-687' , 'eryk.szczepi@yahoo.com')
INSERT INTO Individual (FirstName, LastName, CustomerID) VALUES ('Eryk' , 'Szczepiński' , 65)
INSERT INTO Customer (CustomerID, Phone, Email) VALUES (66 ,'+48-123-470-859' , 'eweli.dlugoz@live.com')
INSERT INTO Individual (FirstName, LastName, CustomerID) VALUES ('Ewelina' , 'Długozima' , 66)
INSERT INTO Customer (CustomerID, Phone, Email) VALUES (67 ,'+48-123-462-388' , 'tadeu.tys@gmail.com')
INSERT INTO Individual (FirstName, LastName, CustomerID) VALUES ('Tadeusz' , 'Tys' , 67)
INSERT INTO Customer (CustomerID, Phone, Email) VALUES (68 ,'+48-123-466-787' , 'nikod.wagier@gmail.com')
INSERT INTO Individual (FirstName, LastName, CustomerID) VALUES ('Nikodem' , 'Węgierek' , 68)
INSERT INTO Customer (CustomerID, Phone, Email) VALUES (69 ,'+48-123-470-049' , 'barba.gramat@outlook.com')
INSERT INTO Individual (FirstName, LastName, CustomerID) VALUES ('Barbara' , 'Gramatyka' , 69)
INSERT INTO Customer (CustomerID, Phone, Email) VALUES (70 ,'+48-123-468-672' , 'mariu.tolak@gmail.com')
INSERT INTO Individual (FirstName, LastName, CustomerID) VALUES ('Mariusz' , 'Tolak' , 70)
INSERT INTO Customer (CustomerID, Phone, Email) VALUES (71 ,'+48-123-469-179' , 'pawel.czempi@yahoo.com')
INSERT INTO Individual (FirstName, LastName, CustomerID) VALUES ('Paweł' , 'Czempiel' , 71)
INSERT INTO Customer (CustomerID, Phone, Email) VALUES (72 ,'+48-123-466-322' , 'aleks.bilik@outlook.com')
INSERT INTO Individual (FirstName, LastName, CustomerID) VALUES ('Aleksandra' , 'Bilik' , 72)
INSERT INTO Customer (CustomerID, Phone, Email) VALUES (73 ,'+48-123-458-731' , 'stani.gozdek@gmail.com')
INSERT INTO Individual (FirstName, LastName, CustomerID) VALUES ('Stanisława' , 'Gozdek' , 73)
INSERT INTO Customer (CustomerID, Phone, Email) VALUES (74 ,'+48-123-463-166' , 'diana.zieziu@outlook.com')
INSERT INTO Individual (FirstName, LastName, CustomerID) VALUES ('Diana' , 'Zieziula' , 74)
INSERT INTO Customer (CustomerID, Phone, Email) VALUES (75 ,'+48-123-472-071' , 'dawid.horn@live.com')
INSERT INTO Individual (FirstName, LastName, CustomerID) VALUES ('Dawid' , 'Horn' , 75)
INSERT INTO Customer (CustomerID, Phone, Email) VALUES (76 ,'+48-123-461-947' , 'rysza.strzyk@outlook.com')
INSERT INTO Individual (FirstName, LastName, CustomerID) VALUES ('Ryszard' , 'Strzykała' , 76)
INSERT INTO Customer (CustomerID, Phone, Email) VALUES (77 ,'+48-123-457-135' , 'boles.gladys@gmail.com')
INSERT INTO Individual (FirstName, LastName, CustomerID) VALUES ('Bolesław' , 'Gładyszewski' , 77)
INSERT INTO Customer (CustomerID, Phone, Email) VALUES (78 ,'+48-123-469-989' , 'henry.wypchl@yahoo.com')
INSERT INTO Individual (FirstName, LastName, CustomerID) VALUES ('Henryk' , 'Wypchło' , 78)
INSERT INTO Customer (CustomerID, Phone, Email) VALUES (79 ,'+48-123-470-172' , 'bogda.romani@mail.com')
INSERT INTO Individual (FirstName, LastName, CustomerID) VALUES ('Bogdan' , 'Romaniszyn' , 79)
INSERT INTO Customer (CustomerID, Phone, Email) VALUES (80 ,'+48-123-466-474' , 'micha.nicewi@yahoo.com')
INSERT INTO Individual (FirstName, LastName, CustomerID) VALUES ('Michał' , 'Nicewicz' , 80)
INSERT INTO Customer (CustomerID, Phone, Email) VALUES (81 ,'+48-123-471-985' , 'anton.koziel@live.com')
INSERT INTO Individual (FirstName, LastName, CustomerID) VALUES ('Antoni' , 'Kozieł' , 81)
INSERT INTO Customer (CustomerID, Phone, Email) VALUES (82 ,'+48-123-470-060' , 'eryk.stradom@live.com')
INSERT INTO Individual (FirstName, LastName, CustomerID) VALUES ('Eryk' , 'Stradomski' , 82)
INSERT INTO Customer (CustomerID, Phone, Email) VALUES (83 ,'+48-123-472-365' , 'zdzis.galins@live.com')
INSERT INTO Individual (FirstName, LastName, CustomerID) VALUES ('Zdzisław' , 'Galiński' , 83)
INSERT INTO Customer (CustomerID, Phone, Email) VALUES (84 ,'+48-123-465-561' , 'fryde.kornac@yahoo.com')
INSERT INTO Individual (FirstName, LastName, CustomerID) VALUES ('Fryderyk' , 'Kornacki' , 84)
INSERT INTO Customer (CustomerID, Phone, Email) VALUES (85 ,'+48-123-459-000' , 'norbe.daleck@gmail.com')
INSERT INTO Individual (FirstName, LastName, CustomerID) VALUES ('Norbert' , 'Dalecki' , 85)
INSERT INTO Customer (CustomerID, Phone, Email) VALUES (86 ,'+48-123-463-121' , 'ignac.skowro@gmail.com')
INSERT INTO Individual (FirstName, LastName, CustomerID) VALUES ('Ignacy' , 'Skowroński' , 86)
INSERT INTO Customer (CustomerID, Phone, Email) VALUES (87 ,'+48-123-471-668' , 'berna.bialic@live.com')
INSERT INTO Individual (FirstName, LastName, CustomerID) VALUES ('Bernadetta' , 'Bialic' , 87)
INSERT INTO Customer (CustomerID, Phone, Email) VALUES (88 ,'+48-123-463-992' , 'pawel.rachut@outlook.com')
INSERT INTO Individual (FirstName, LastName, CustomerID) VALUES ('Paweł' , 'Rachuta' , 88)
INSERT INTO Customer (CustomerID, Phone, Email) VALUES (89 ,'+48-123-468-197' , 'wiesl.golkow@live.com')
INSERT INTO Individual (FirstName, LastName, CustomerID) VALUES ('Wiesław' , 'Gołkowski' , 89)
INSERT INTO Customer (CustomerID, Phone, Email) VALUES (90 ,'+48-123-465-474' , 'boles.gburzy@gmail.com')
INSERT INTO Individual (FirstName, LastName, CustomerID) VALUES ('Bolesław' , 'Gburzyński' , 90)
INSERT INTO Customer (CustomerID, Phone, Email) VALUES (91 ,'+48-123-465-160' , 'pawel.adamcz@mail.com')
INSERT INTO Individual (FirstName, LastName, CustomerID) VALUES ('Paweł' , 'Adamczyk' , 91)
INSERT INTO Customer (CustomerID, Phone, Email) VALUES (92 ,'+48-123-469-057' , 'jakub.magdzi@yahoo.com')
INSERT INTO Individual (FirstName, LastName, CustomerID) VALUES ('Jakub' , 'Magdziak' , 92)
INSERT INTO Customer (CustomerID, Phone, Email) VALUES (93 ,'+48-123-459-337' , 'norbe.bogacz@gmail.com')
INSERT INTO Individual (FirstName, LastName, CustomerID) VALUES ('Norbert' , 'Bogacz' , 93)
INSERT INTO Customer (CustomerID, Phone, Email) VALUES (94 ,'+48-123-458-320' , 'fryde.polcyn@gmail.com')
INSERT INTO Individual (FirstName, LastName, CustomerID) VALUES ('Fryderyk' , 'Polcyn' , 94)
INSERT INTO Customer (CustomerID, Phone, Email) VALUES (95 ,'+48-123-470-757' , 'kamil.porazi@gmail.com')
INSERT INTO Individual (FirstName, LastName, CustomerID) VALUES ('Kamil' , 'Poraziński' , 95)
INSERT INTO Customer (CustomerID, Phone, Email) VALUES (96 ,'+48-123-463-320' , 'rysza.gancar@outlook.com')
INSERT INTO Individual (FirstName, LastName, CustomerID) VALUES ('Ryszard' , 'Gancarz' , 96)
INSERT INTO Customer (CustomerID, Phone, Email) VALUES (97 ,'+48-123-465-671' , 'eugen.szustk@gmail.com')
INSERT INTO Individual (FirstName, LastName, CustomerID) VALUES ('Eugeniusz' , 'Szustkiewicz' , 97)
INSERT INTO Customer (CustomerID, Phone, Email) VALUES (98 ,'+48-123-462-165' , 'eugen.narwoj@live.com')
INSERT INTO Individual (FirstName, LastName, CustomerID) VALUES ('Eugeniusz' , 'Narwojsz' , 98)
INSERT INTO Customer (CustomerID, Phone, Email) VALUES (99 ,'+48-123-460-075' , 'andrz.golba@live.com')
INSERT INTO Individual (FirstName, LastName, CustomerID) VALUES ('Andrzej' , 'Gołba' , 99)
INSERT INTO Customer (CustomerID, Phone, Email) VALUES (100 ,'+48-123-458-613' , 'rysza.sokolo@gmail.com')
INSERT INTO Individual (FirstName, LastName, CustomerID) VALUES ('Ryszard' , 'Sokołowicz' , 100)
INSERT INTO Customer (CustomerID, Phone, Email) VALUES (101 ,'+48-123-464-505' , 'jan.jezowski@outlook.com')
INSERT INTO Individual (FirstName, LastName, CustomerID) VALUES ('Jan' , 'Jeżowski' , 101)
INSERT INTO Customer (CustomerID, Phone, Email) VALUES (102 ,'+48-123-471-456' , 'hiero.safary@outlook.com')
INSERT INTO Individual (FirstName, LastName, CustomerID) VALUES ('Hieronim' , 'Safaryn' , 102)
INSERT INTO Customer (CustomerID, Phone, Email) VALUES (103 ,'+48-123-466-751' , 'olga.buchta@live.com')
INSERT INTO Individual (FirstName, LastName, CustomerID) VALUES ('Olga' , 'Buchta' , 103)
INSERT INTO Customer (CustomerID, Phone, Email) VALUES (104 ,'+48-123-463-518' , 'mariu.kaim@outlook.com')
INSERT INTO Individual (FirstName, LastName, CustomerID) VALUES ('Mariusz' , 'Kaim' , 104)
INSERT INTO Customer (CustomerID, Phone, Email) VALUES (105 ,'+48-123-467-445' , 'nikod.reder@outlook.com')
INSERT INTO Individual (FirstName, LastName, CustomerID) VALUES ('Nikodem' , 'Reder' , 105)
INSERT INTO Customer (CustomerID, Phone, Email) VALUES (106 ,'+48-123-461-428' , 'tadeu.chwiej@live.com')
INSERT INTO Individual (FirstName, LastName, CustomerID) VALUES ('Tadeusz' , 'Chwiejczak' , 106)
INSERT INTO Customer (CustomerID, Phone, Email) VALUES (107 ,'+48-123-456-938' , 'zdzis.tobys@gmail.com')
INSERT INTO Individual (FirstName, LastName, CustomerID) VALUES ('Zdzisław' , 'Tobys' , 107)
INSERT INTO Customer (CustomerID, Phone, Email) VALUES (108 ,'+48-123-462-756' , 'cezar.gorczy@gmail.com')
INSERT INTO Individual (FirstName, LastName, CustomerID) VALUES ('Cezary' , 'Górczyński' , 108)
INSERT INTO Customer (CustomerID, Phone, Email) VALUES (109 ,'+48-123-469-171' , 'grzeg.slazak@outlook.com')
INSERT INTO Individual (FirstName, LastName, CustomerID) VALUES ('Grzegorz' , 'Ślązak' , 109)
INSERT INTO Customer (CustomerID, Phone, Email) VALUES (110 ,'+48-123-458-652' , 'micha.nicewi@gmail.com')
INSERT INTO Individual (FirstName, LastName, CustomerID) VALUES ('Michał' , 'Nicewicz' , 110)
INSERT INTO Customer (CustomerID, Phone, Email) VALUES (111 ,'+48-123-466-822' , 'franc.krol@yahoo.com')
INSERT INTO Individual (FirstName, LastName, CustomerID) VALUES ('Franciszek' , 'Król' , 111)
INSERT INTO Customer (CustomerID, Phone, Email) VALUES (112 ,'+48-123-469-939' , 'grzeg.jerzyn@mail.com')
INSERT INTO Individual (FirstName, LastName, CustomerID) VALUES ('Grzegorz' , 'Jerzyński' , 112)
INSERT INTO Customer (CustomerID, Phone, Email) VALUES (113 ,'+48-123-461-022' , 'eryk.koterba@outlook.com')
INSERT INTO Individual (FirstName, LastName, CustomerID) VALUES ('Eryk' , 'Koterba' , 113)
INSERT INTO Customer (CustomerID, Phone, Email) VALUES (114 ,'+48-123-463-283' , 'eryk.franiak@outlook.com')
INSERT INTO Individual (FirstName, LastName, CustomerID) VALUES ('Eryk' , 'Franiak' , 114)
INSERT INTO Customer (CustomerID, Phone, Email) VALUES (115 ,'+48-123-465-355' , 'cezar.magnus@gmail.com')
INSERT INTO Individual (FirstName, LastName, CustomerID) VALUES ('Cezary' , 'Magnuszewski' , 115)
INSERT INTO Customer (CustomerID, Phone, Email) VALUES (116 ,'+48-123-457-159' , 'henry.opacki@gmail.com')
INSERT INTO Individual (FirstName, LastName, CustomerID) VALUES ('Henryk' , 'Opacki' , 116)
INSERT INTO Customer (CustomerID, Phone, Email) VALUES (117 ,'+48-123-461-203' , 'norbe.lebiec@gmail.com')
INSERT INTO Individual (FirstName, LastName, CustomerID) VALUES ('Norbert' , 'Lebiecki' , 117)
INSERT INTO Customer (CustomerID, Phone, Email) VALUES (118 ,'+48-123-467-897' , 'zdzis.gwizdo@live.com')
INSERT INTO Individual (FirstName, LastName, CustomerID) VALUES ('Zdzisław' , 'Gwizdoń' , 118)
INSERT INTO Customer (CustomerID, Phone, Email) VALUES (119 ,'+48-123-466-061' , 'ignac.majdec@live.com')
INSERT INTO Individual (FirstName, LastName, CustomerID) VALUES ('Ignacy' , 'Majdecki' , 119)
INSERT INTO Customer (CustomerID, Phone, Email) VALUES (120 ,'+48-123-471-741' , 'jerzy.mazurk@inbox.com')
INSERT INTO Individual (FirstName, LastName, CustomerID) VALUES ('Jerzy' , 'Mazurkiewicz' , 120)
INSERT INTO Customer (CustomerID, Phone, Email) VALUES (121 ,'+48-123-464-699' , 'grzeg.gembia@live.com')
INSERT INTO Individual (FirstName, LastName, CustomerID) VALUES ('Grzegorz' , 'Gembiak' , 121)
INSERT INTO Customer (CustomerID, Phone, Email) VALUES (122 ,'+48-123-472-028' , 'patry.dylewi@live.com')
INSERT INTO Individual (FirstName, LastName, CustomerID) VALUES ('Patrycja' , 'Dylewicz' , 122)
INSERT INTO Customer (CustomerID, Phone, Email) VALUES (123 ,'+48-123-462-514' , 'rysza.minge@outlook.com')
INSERT INTO Individual (FirstName, LastName, CustomerID) VALUES ('Ryszard' , 'Minge' , 123)
INSERT INTO Customer (CustomerID, Phone, Email) VALUES (124 ,'+48-123-463-311' , 'olgie.piecyk@outlook.com')
INSERT INTO Individual (FirstName, LastName, CustomerID) VALUES ('Olgierd' , 'Piecyk' , 124)
INSERT INTO Customer (CustomerID, Phone, Email) VALUES (125 ,'+48-123-465-073' , 'stani.sobisz@yahoo.com')
INSERT INTO Individual (FirstName, LastName, CustomerID) VALUES ('Stanisław' , 'Sobisz' , 125)
INSERT INTO Customer (CustomerID, Phone, Email) VALUES (126 ,'+48-123-472-081' , 'damia.wencki@gmail.com')
INSERT INTO Individual (FirstName, LastName, CustomerID) VALUES ('Damian' , 'Wencki' , 126)
INSERT INTO Customer (CustomerID, Phone, Email) VALUES (127 ,'+48-123-462-488' , 'jozef.belczy@gmail.com')
INSERT INTO Individual (FirstName, LastName, CustomerID) VALUES ('Józef' , 'Belczyk' , 127)
INSERT INTO Customer (CustomerID, Phone, Email) VALUES (128 ,'+48-123-458-494' , 'damia.fabis@outlook.com')
INSERT INTO Individual (FirstName, LastName, CustomerID) VALUES ('Damian' , 'Fabiś' , 128)
INSERT INTO Customer (CustomerID, Phone, Email) VALUES (129 ,'+48-123-470-674' , 'anton.semeno@live.com')
INSERT INTO Individual (FirstName, LastName, CustomerID) VALUES ('Antoni' , 'Semenowicz' , 129)
INSERT INTO Customer (CustomerID, Phone, Email) VALUES (130 ,'+48-123-462-921' , 'bogda.cieniu@gmail.com')
INSERT INTO Individual (FirstName, LastName, CustomerID) VALUES ('Bogdan' , 'Cieniuch' , 130)
INSERT INTO Customer (CustomerID, Phone, Email) VALUES (131 ,'+48-123-464-717' , 'piotr.dziuba@outlook.com')
INSERT INTO Individual (FirstName, LastName, CustomerID) VALUES ('Piotr' , 'Dziubałtowski' , 131)
INSERT INTO Customer (CustomerID, Phone, Email) VALUES (132 ,'+48-123-466-965' , 'berna.drewa@gmail.com')
INSERT INTO Individual (FirstName, LastName, CustomerID) VALUES ('Bernadetta' , 'Drewa' , 132)
INSERT INTO Customer (CustomerID, Phone, Email) VALUES (133 ,'+48-123-472-225' , 'zenon.kozusz@yahoo.com')
INSERT INTO Individual (FirstName, LastName, CustomerID) VALUES ('Zenon' , 'Kożuszek' , 133)
INSERT INTO Customer (CustomerID, Phone, Email) VALUES (134 ,'+48-123-458-881' , 'karol.siwins@gmail.com')
INSERT INTO Individual (FirstName, LastName, CustomerID) VALUES ('Karolina' , 'Siwińska' , 134)
INSERT INTO Customer (CustomerID, Phone, Email) VALUES (135 ,'+48-123-462-676' , 'joann.kaneck@outlook.com')
INSERT INTO Individual (FirstName, LastName, CustomerID) VALUES ('Joanna' , 'Kanecka' , 135)
INSERT INTO Customer (CustomerID, Phone, Email) VALUES (136 ,'+48-123-468-484' , 'zdzis.przyby@outlook.com')
INSERT INTO Individual (FirstName, LastName, CustomerID) VALUES ('Zdzisław' , 'Przybyszewski' , 136)
INSERT INTO Customer (CustomerID, Phone, Email) VALUES (137 ,'+48-123-467-277' , 'zdzis.przylu@outlook.com')
INSERT INTO Individual (FirstName, LastName, CustomerID) VALUES ('Zdzisław' , 'Przyłucki' , 137)
INSERT INTO Customer (CustomerID, Phone, Email) VALUES (138 ,'+48-123-467-901' , 'przem.kollat@gmail.com')
INSERT INTO Individual (FirstName, LastName, CustomerID) VALUES ('Przemysław' , 'Kołłątaj' , 138)
INSERT INTO Customer (CustomerID, Phone, Email) VALUES (139 ,'+48-123-470-027' , 'franc.baziak@outlook.com')
INSERT INTO Individual (FirstName, LastName, CustomerID) VALUES ('Franciszek' , 'Baziak' , 139)
INSERT INTO Customer (CustomerID, Phone, Email) VALUES (140 ,'+48-123-464-175' , 'maria.majner@live.com')
INSERT INTO Individual (FirstName, LastName, CustomerID) VALUES ('Maria' , 'Majnert' , 140)
INSERT INTO Customer (CustomerID, Phone, Email) VALUES (141 ,'+48-123-459-741' , 'boles.koczy@gmail.com')
INSERT INTO Individual (FirstName, LastName, CustomerID) VALUES ('Bolesław' , 'Koczy' , 141)
INSERT INTO Customer (CustomerID, Phone, Email) VALUES (142 ,'+48-123-470-691' , 'mariu.turkow@gmail.com')
INSERT INTO Individual (FirstName, LastName, CustomerID) VALUES ('Mariusz' , 'Turkowski' , 142)
INSERT INTO Customer (CustomerID, Phone, Email) VALUES (143 ,'+48-123-469-866' , 'piotr.dudcza@yahoo.com')
INSERT INTO Individual (FirstName, LastName, CustomerID) VALUES ('Piotr' , 'Dudczak' , 143)
INSERT INTO Customer (CustomerID, Phone, Email) VALUES (144 ,'+48-123-460-787' , 'aniel.stacha@outlook.com')
INSERT INTO Individual (FirstName, LastName, CustomerID) VALUES ('Aniela' , 'Stachacz' , 144)
INSERT INTO Customer (CustomerID, Phone, Email) VALUES (145 ,'+48-123-466-619' , 'stani.podose@live.com')
INSERT INTO Individual (FirstName, LastName, CustomerID) VALUES ('Stanisław' , 'Podosek' , 145)
INSERT INTO Customer (CustomerID, Phone, Email) VALUES (146 ,'+48-123-463-655' , 'krzys.andrus@outlook.com')
INSERT INTO Individual (FirstName, LastName, CustomerID) VALUES ('Krzysztof' , 'Andruszewski' , 146)
INSERT INTO Customer (CustomerID, Phone, Email) VALUES (147 ,'+48-123-468-710' , 'hiero.gwizda@outlook.com')
INSERT INTO Individual (FirstName, LastName, CustomerID) VALUES ('Hieronim' , 'Gwizdalski' , 147)
INSERT INTO Customer (CustomerID, Phone, Email) VALUES (148 ,'+48-123-457-224' , 'magda.figa@gmail.com')
INSERT INTO Individual (FirstName, LastName, CustomerID) VALUES ('Magdalena' , 'Figa' , 148)
INSERT INTO Customer (CustomerID, Phone, Email) VALUES (149 ,'+48-123-466-679' , 'marek.lisek@live.com')
INSERT INTO Individual (FirstName, LastName, CustomerID) VALUES ('Marek' , 'Lisek' , 149)
INSERT INTO Customer (CustomerID, Phone, Email) VALUES (150 ,'+48-123-462-937' , 'wikto.skrobi@outlook.com')
INSERT INTO Individual (FirstName, LastName, CustomerID) VALUES ('Wiktor' , 'Skrobisz' , 150)
INSERT INTO [dbo].[Customer] (CustomerID, Phone, Email) VALUES (151 ,'+48-456-132-807' , 'techdatapo@gmail.com')
INSERT INTO [dbo].[Company] (CompanyName, CustomerID) VALUES ('Tech Data Polska' , 151 )
INSERT INTO [dbo].[Customer] (CustomerID, Phone, Email) VALUES (152 ,'+48-456-132-832' , 'wincornixd@gmail.com')
INSERT INTO [dbo].[Company] (CompanyName, CustomerID) VALUES ('Wincor Nixdorf' , 152 )
INSERT INTO [dbo].[Customer] (CustomerID, Phone, Email) VALUES (153 ,'+48-456-132-857' , 'tietopolan@gmail.com')
INSERT INTO [dbo].[Company] (CompanyName, CustomerID) VALUES ('Tieto Poland' , 153 )
INSERT INTO [dbo].[Customer] (CustomerID, Phone, Email) VALUES (154 ,'+48-456-132-920' , '7nspzoo@gmail.com')
INSERT INTO [dbo].[Company] (CompanyName, CustomerID) VALUES ('7N Sp. z o.o.' , 154 )
INSERT INTO [dbo].[Customer] (CustomerID, Phone, Email) VALUES (155 ,'+48-456-133-061' , 'softhis@gmail.com')
INSERT INTO [dbo].[Company] (CompanyName, CustomerID) VALUES ('Softhis' , 155 )
INSERT INTO [dbo].[Customer] (CustomerID, Phone, Email) VALUES (156 ,'+48-456-132-897' , 'futureproc@gmail.com')
INSERT INTO [dbo].[Company] (CompanyName, CustomerID) VALUES ('Future Processing' , 156 )
INSERT INTO [dbo].[Customer] (CustomerID, Phone, Email) VALUES (157 ,'+48-456-132-956' , 'mcafeepola@gmail.com')
INSERT INTO [dbo].[Company] (CompanyName, CustomerID) VALUES ('McAfee (Poland)' , 157 )
INSERT INTO [dbo].[Customer] (CustomerID, Phone, Email) VALUES (158 ,'+48-456-132-829' , 'acerpoland@gmail.com')
INSERT INTO [dbo].[Company] (CompanyName, CustomerID) VALUES ('Acer Poland/Slovakia' , 158 )
INSERT INTO [dbo].[Customer] (CustomerID, Phone, Email) VALUES (159 ,'+48-456-133-068' , 'merinosoft@gmail.com')
INSERT INTO [dbo].[Company] (CompanyName, CustomerID) VALUES ('Merinosoft' , 159 )
INSERT INTO [dbo].[Customer] (CustomerID, Phone, Email) VALUES (160 ,'+48-456-132-826' , 'maxcompute@gmail.com')
INSERT INTO [dbo].[Company] (CompanyName, CustomerID) VALUES ('MAX Computers' , 160 )
INSERT INTO [dbo].[Customer] (CustomerID, Phone, Email) VALUES (161 ,'+48-456-132-870' , 'maxto@gmail.com')
INSERT INTO [dbo].[Company] (CompanyName, CustomerID) VALUES ('MAXTO' , 161 )
INSERT INTO [dbo].[Customer] (CustomerID, Phone, Email) VALUES (162 ,'+48-456-133-065' , 'alfavox@gmail.com')
INSERT INTO [dbo].[Company] (CompanyName, CustomerID) VALUES ('Alfavox' , 162 )
INSERT INTO [dbo].[Customer] (CustomerID, Phone, Email) VALUES (163 ,'+48-456-132-854' , 'clico@gmail.com')
INSERT INTO [dbo].[Company] (CompanyName, CustomerID) VALUES ('Clico' , 163 )
INSERT INTO [dbo].[Customer] (CustomerID, Phone, Email) VALUES (164 ,'+48-456-132-869' , 'centruminf@gmail.com')
INSERT INTO [dbo].[Company] (CompanyName, CustomerID) VALUES ('Centrum Informatyki Zeto SA' , 164 )
INSERT INTO [dbo].[Customer] (CustomerID, Phone, Email) VALUES (165 ,'+48-456-132-808' , 'incomsa@gmail.com')
INSERT INTO [dbo].[Company] (CompanyName, CustomerID) VALUES ('Incom SA' , 165 )
INSERT INTO [dbo].[Customer] (CustomerID, Phone, Email) VALUES (166 ,'+48-456-132-999' , 'makolab@gmail.com')
INSERT INTO [dbo].[Company] (CompanyName, CustomerID) VALUES ('MakoLab' , 166 )
INSERT INTO [dbo].[Customer] (CustomerID, Phone, Email) VALUES (167 ,'+48-456-132-889' , 'gtechpolan@gmail.com')
INSERT INTO [dbo].[Company] (CompanyName, CustomerID) VALUES ('GTECH Poland' , 167 )
INSERT INTO [dbo].[Customer] (CustomerID, Phone, Email) VALUES (168 ,'+48-456-133-087' , 'osecspzoo@gmail.com')
INSERT INTO [dbo].[Company] (CompanyName, CustomerID) VALUES ('OSEC Sp. z o.o.' , 168 )
INSERT INTO [dbo].[Customer] (CustomerID, Phone, Email) VALUES (169 ,'+48-456-132-961' , 'cf@gmail.com')
INSERT INTO [dbo].[Company] (CompanyName, CustomerID) VALUES ('C&F' , 169 )
INSERT INTO [dbo].[Customer] (CustomerID, Phone, Email) VALUES (170 ,'+48-456-133-086' , 'odl@gmail.com')
INSERT INTO [dbo].[Company] (CompanyName, CustomerID) VALUES ('ODL' , 170 )
INSERT INTO [dbo].[Customer] (CustomerID, Phone, Email) VALUES (171 ,'+48-456-132-853' , 'amdpolska@gmail.com')
INSERT INTO [dbo].[Company] (CompanyName, CustomerID) VALUES ('AMD Polska' , 171 )
INSERT INTO [dbo].[Customer] (CustomerID, Phone, Email) VALUES (172 ,'+48-456-132-949' , 'bmcsoftwar@gmail.com')
INSERT INTO [dbo].[Company] (CompanyName, CustomerID) VALUES ('BMC Software' , 172 )
INSERT INTO [dbo].[Customer] (CustomerID, Phone, Email) VALUES (173 ,'+48-456-133-037' , 'netland@gmail.com')
INSERT INTO [dbo].[Company] (CompanyName, CustomerID) VALUES ('NetLand' , 173 )
INSERT INTO [dbo].[Customer] (CustomerID, Phone, Email) VALUES (174 ,'+48-456-133-058' , 'oepdlabady@gmail.com')
INSERT INTO [dbo].[Company] (CompanyName, CustomerID) VALUES ('OEPD ŁABĘDY Sp. z o.o.' , 174 )
INSERT INTO [dbo].[Customer] (CustomerID, Phone, Email) VALUES (175 ,'+48-456-132-895' , 'adobesyste@gmail.com')
INSERT INTO [dbo].[Company] (CompanyName, CustomerID) VALUES ('Adobe Systems Polska' , 175 )
INSERT INTO [dbo].[Customer] (CustomerID, Phone, Email) VALUES (176 ,'+48-456-132-855' , 'stservices@gmail.com')
INSERT INTO [dbo].[Company] (CompanyName, CustomerID) VALUES ('S&T Services Polska' , 176 )
INSERT INTO [dbo].[Customer] (CustomerID, Phone, Email) VALUES (177 ,'+48-456-132-838' , 'wasko@gmail.com')
INSERT INTO [dbo].[Company] (CompanyName, CustomerID) VALUES ('WASKO' , 177 )
INSERT INTO [dbo].[Customer] (CustomerID, Phone, Email) VALUES (178 ,'+48-456-132-814' , 'veracomp@gmail.com')
INSERT INTO [dbo].[Company] (CompanyName, CustomerID) VALUES ('Veracomp' , 178 )
INSERT INTO [dbo].[Customer] (CustomerID, Phone, Email) VALUES (179 ,'+48-456-133-062' , 'sentesyste@gmail.com')
INSERT INTO [dbo].[Company] (CompanyName, CustomerID) VALUES ('Sente Systemy Informatyczne' , 179 )
INSERT INTO [dbo].[Customer] (CustomerID, Phone, Email) VALUES (180 ,'+48-456-132-881' , 'konceptspz@gmail.com')
INSERT INTO [dbo].[Company] (CompanyName, CustomerID) VALUES ('KONCEPT Sp. z o.o.' , 180 )
INSERT INTO [dbo].[Customer] (CustomerID, Phone, Email) VALUES (181 ,'+48-456-132-998' , 'zetowpozna@gmail.com')
INSERT INTO [dbo].[Company] (CompanyName, CustomerID) VALUES ('ZETO w Poznaniu' , 181 )
INSERT INTO [dbo].[Customer] (CustomerID, Phone, Email) VALUES (182 ,'+48-456-132-861' , 'elzab@gmail.com')
INSERT INTO [dbo].[Company] (CompanyName, CustomerID) VALUES ('Elzab' , 182 )
INSERT INTO [dbo].[Customer] (CustomerID, Phone, Email) VALUES (183 ,'+48-456-133-094' , 'enxoo@gmail.com')
INSERT INTO [dbo].[Company] (CompanyName, CustomerID) VALUES ('Enxoo' , 183 )
INSERT INTO [dbo].[Customer] (CustomerID, Phone, Email) VALUES (184 ,'+48-456-133-103' , 'aska@gmail.com')
INSERT INTO [dbo].[Company] (CompanyName, CustomerID) VALUES ('ASKA' , 184 )
INSERT INTO [dbo].[Customer] (CustomerID, Phone, Email) VALUES (185 ,'+48-456-132-845' , 'advatech@gmail.com')
INSERT INTO [dbo].[Company] (CompanyName, CustomerID) VALUES ('Advatech' , 185 )
INSERT INTO [dbo].[Customer] (CustomerID, Phone, Email) VALUES (186 ,'+48-456-133-092' , 'compsoft@gmail.com')
INSERT INTO [dbo].[Company] (CompanyName, CustomerID) VALUES ('COMP Soft' , 186 )
INSERT INTO [dbo].[Customer] (CustomerID, Phone, Email) VALUES (187 ,'+48-456-132-901' , 'ey@gmail.com')
INSERT INTO [dbo].[Company] (CompanyName, CustomerID) VALUES ('EY' , 187 )
INSERT INTO [dbo].[Customer] (CustomerID, Phone, Email) VALUES (188 ,'+48-456-133-041' , 'mapsolutio@gmail.com')
INSERT INTO [dbo].[Company] (CompanyName, CustomerID) VALUES ('MAP solutions Sp. z o.o.' , 188 )
INSERT INTO [dbo].[Customer] (CustomerID, Phone, Email) VALUES (189 ,'+48-456-133-021' , 'graffitier@gmail.com')
INSERT INTO [dbo].[Company] (CompanyName, CustomerID) VALUES ('Graffiti.ERP' , 189 )
INSERT INTO [dbo].[Customer] (CustomerID, Phone, Email) VALUES (190 ,'+48-456-132-913' , 'macrologic@gmail.com')
INSERT INTO [dbo].[Company] (CompanyName, CustomerID) VALUES ('Macrologic' , 190 )
INSERT INTO [dbo].[Customer] (CustomerID, Phone, Email) VALUES (191 ,'+48-456-132-815' , 'nttsystem@gmail.com')
INSERT INTO [dbo].[Company] (CompanyName, CustomerID) VALUES ('NTT System' , 191 )
INSERT INTO [dbo].[Customer] (CustomerID, Phone, Email) VALUES (192 ,'+48-456-132-813' , 'praxis@gmail.com')
INSERT INTO [dbo].[Company] (CompanyName, CustomerID) VALUES ('PRAXIS' , 192 )
INSERT INTO [dbo].[Customer] (CustomerID, Phone, Email) VALUES (193 ,'+48-456-132-925' , 'researchen@gmail.com')
INSERT INTO [dbo].[Company] (CompanyName, CustomerID) VALUES ('Research & Engineering Center Sp. z o.o.' , 193 )
INSERT INTO [dbo].[Customer] (CustomerID, Phone, Email) VALUES (194 ,'+48-456-132-976' , 'cybercompo@gmail.com')
INSERT INTO [dbo].[Company] (CompanyName, CustomerID) VALUES ('Cybercom Poland' , 194 )
INSERT INTO [dbo].[Customer] (CustomerID, Phone, Email) VALUES (195 ,'+48-456-132-831' , 'rrcpoland@gmail.com')
INSERT INTO [dbo].[Company] (CompanyName, CustomerID) VALUES ('RRC Poland' , 195 )
INSERT INTO [dbo].[Customer] (CustomerID, Phone, Email) VALUES (196 ,'+48-456-133-105' , 'ariscospzo@gmail.com')
INSERT INTO [dbo].[Company] (CompanyName, CustomerID) VALUES ('ARISCO Sp. z o.o.' , 196 )
INSERT INTO [dbo].[Customer] (CustomerID, Phone, Email) VALUES (197 ,'+48-456-132-822' , 'sygnitysa@gmail.com')
INSERT INTO [dbo].[Company] (CompanyName, CustomerID) VALUES ('Sygnity S.A.' , 197 )
INSERT INTO [dbo].[Customer] (CustomerID, Phone, Email) VALUES (198 ,'+48-456-132-955' , 'unisoft@gmail.com')
INSERT INTO [dbo].[Company] (CompanyName, CustomerID) VALUES ('Unisoft' , 198 )
INSERT INTO [dbo].[Customer] (CustomerID, Phone, Email) VALUES (199 ,'+48-456-133-054' , 'rbospzoo@gmail.com')
INSERT INTO [dbo].[Company] (CompanyName, CustomerID) VALUES ('RBO Sp. z o.o.' , 199 )
INSERT INTO [dbo].[Customer] (CustomerID, Phone, Email) VALUES (200 ,'+48-456-132-979' , 'guidewires@gmail.com')
INSERT INTO [dbo].[Company] (CompanyName, CustomerID) VALUES ('Guidewire Software Poland' , 200 )
INSERT INTO [dbo].[Customer] (CustomerID, Phone, Email) VALUES (201 ,'+48-456-133-100' , 'planetsoft@gmail.com')
INSERT INTO [dbo].[Company] (CompanyName, CustomerID) VALUES ('Planet Soft' , 201 )
INSERT INTO [dbo].[Customer] (CustomerID, Phone, Email) VALUES (202 ,'+48-456-132-980' , 'teradatapo@gmail.com')
INSERT INTO [dbo].[Company] (CompanyName, CustomerID) VALUES ('Teradata Polska' , 202 )
INSERT INTO [dbo].[Customer] (CustomerID, Phone, Email) VALUES (203 ,'+48-456-132-926' , 'netapppola@gmail.com')
INSERT INTO [dbo].[Company] (CompanyName, CustomerID) VALUES ('NetApp Poland' , 203 )
INSERT INTO [dbo].[Customer] (CustomerID, Phone, Email) VALUES (204 ,'+48-456-132-915' , 'infonetpro@gmail.com')
INSERT INTO [dbo].[Company] (CompanyName, CustomerID) VALUES ('Infonet Projekt' , 204 )
INSERT INTO [dbo].[Customer] (CustomerID, Phone, Email) VALUES (205 ,'+48-456-133-022' , 'biztechkon@gmail.com')
INSERT INTO [dbo].[Company] (CompanyName, CustomerID) VALUES ('BizTech Konsulting' , 205 )
INSERT INTO [dbo].[Customer] (CustomerID, Phone, Email) VALUES (206 ,'+48-456-133-047' , 'esourcing@gmail.com')
INSERT INTO [dbo].[Company] (CompanyName, CustomerID) VALUES ('eSourcing' , 206 )
INSERT INTO [dbo].[Customer] (CustomerID, Phone, Email) VALUES (207 ,'+48-456-132-975' , 'comarchhea@gmail.com')
INSERT INTO [dbo].[Company] (CompanyName, CustomerID) VALUES ('Comarch Healthcare' , 207 )
INSERT INTO [dbo].[Customer] (CustomerID, Phone, Email) VALUES (208 ,'+48-456-133-016' , 'netz@gmail.com')
INSERT INTO [dbo].[Company] (CompanyName, CustomerID) VALUES ('NETZ' , 208 )
INSERT INTO [dbo].[Customer] (CustomerID, Phone, Email) VALUES (209 ,'+48-456-132-939' , 'centrumkom@gmail.com')
INSERT INTO [dbo].[Company] (CompanyName, CustomerID) VALUES ('Centrum Komputerowe ZETO Łódź' , 209 )
INSERT INTO [dbo].[Customer] (CustomerID, Phone, Email) VALUES (210 ,'+48-456-133-107' , 'stanuschte@gmail.com')
INSERT INTO [dbo].[Company] (CompanyName, CustomerID) VALUES ('Stanusch Technologies' , 210 )
INSERT INTO [dbo].[Customer] (CustomerID, Phone, Email) VALUES (211 ,'+48-456-132-933' , 'skksystemy@gmail.com')
INSERT INTO [dbo].[Company] (CompanyName, CustomerID) VALUES ('SKK - Systemy Kodów Kreskowych' , 211 )
INSERT INTO [dbo].[Customer] (CustomerID, Phone, Email) VALUES (212 ,'+48-456-132-816' , 'comarchsa@gmail.com')
INSERT INTO [dbo].[Company] (CompanyName, CustomerID) VALUES ('Comarch SA' , 212 )
INSERT INTO [dbo].[Customer] (CustomerID, Phone, Email) VALUES (213 ,'+48-456-132-919' , 'logonsa@gmail.com')
INSERT INTO [dbo].[Company] (CompanyName, CustomerID) VALUES ('Logon SA' , 213 )
INSERT INTO [dbo].[Customer] (CustomerID, Phone, Email) VALUES (214 ,'+48-456-132-844' , 'isource@gmail.com')
INSERT INTO [dbo].[Company] (CompanyName, CustomerID) VALUES ('iSource' , 214 )
INSERT INTO [dbo].[Customer] (CustomerID, Phone, Email) VALUES (215 ,'+48-456-133-043' , 'arrowecsse@gmail.com')
INSERT INTO [dbo].[Company] (CompanyName, CustomerID) VALUES ('Arrow ECS Services' , 215 )
INSERT INTO [dbo].[Customer] (CustomerID, Phone, Email) VALUES (216 ,'+48-456-132-997' , 'americansy@gmail.com')
INSERT INTO [dbo].[Company] (CompanyName, CustomerID) VALUES ('American Systems' , 216 )
INSERT INTO [dbo].[Customer] (CustomerID, Phone, Email) VALUES (217 ,'+48-456-132-879' , 'itkontrakt@gmail.com')
INSERT INTO [dbo].[Company] (CompanyName, CustomerID) VALUES ('IT Kontrakt' , 217 )
INSERT INTO [dbo].[Customer] (CustomerID, Phone, Email) VALUES (218 ,'+48-456-132-833' , 'asbisplspz@gmail.com')
INSERT INTO [dbo].[Company] (CompanyName, CustomerID) VALUES ('ASBIS PL Sp. z o.o.' , 218 )
INSERT INTO [dbo].[Customer] (CustomerID, Phone, Email) VALUES (219 ,'+48-456-132-924' , 'itworks@gmail.com')
INSERT INTO [dbo].[Company] (CompanyName, CustomerID) VALUES ('itWORKS' , 219 )
INSERT INTO [dbo].[Customer] (CustomerID, Phone, Email) VALUES (220 ,'+48-456-132-932' , 'itc@gmail.com')
INSERT INTO [dbo].[Company] (CompanyName, CustomerID) VALUES ('ITC' , 220 )
INSERT INTO [dbo].[Customer] (CustomerID, Phone, Email) VALUES (221 ,'+48-456-133-055' , 'xsolve@gmail.com')
INSERT INTO [dbo].[Company] (CompanyName, CustomerID) VALUES ('XSolve' , 221 )
INSERT INTO [dbo].[Customer] (CustomerID, Phone, Email) VALUES (222 ,'+48-456-132-909' , 'kapschspzo@gmail.com')
INSERT INTO [dbo].[Company] (CompanyName, CustomerID) VALUES ('Kapsch Sp. z o.o.' , 222 )
INSERT INTO [dbo].[Customer] (CustomerID, Phone, Email) VALUES (223 ,'+48-456-132-914' , 'youngdigit@gmail.com')
INSERT INTO [dbo].[Company] (CompanyName, CustomerID) VALUES ('Young Digital Planet' , 223 )
INSERT INTO [dbo].[Customer] (CustomerID, Phone, Email) VALUES (224 ,'+48-456-132-848' , 'modecom@gmail.com')
INSERT INTO [dbo].[Company] (CompanyName, CustomerID) VALUES ('MODECOM' , 224 )
INSERT INTO [dbo].[Customer] (CustomerID, Phone, Email) VALUES (225 ,'+48-456-132-991' , 'systemyinf@gmail.com')
INSERT INTO [dbo].[Company] (CompanyName, CustomerID) VALUES ('Systemy Informatyczne Alma' , 225 )
INSERT INTO [dbo].[Customer] (CustomerID, Phone, Email) VALUES (226 ,'+48-456-132-935' , 'pgssoftwar@gmail.com')
INSERT INTO [dbo].[Company] (CompanyName, CustomerID) VALUES ('PGS SOFTWARE SA' , 226 )
INSERT INTO [dbo].[Customer] (CustomerID, Phone, Email) VALUES (227 ,'+48-456-132-996' , 'cloudtechn@gmail.com')
INSERT INTO [dbo].[Company] (CompanyName, CustomerID) VALUES ('Cloud Technologies' , 227 )
INSERT INTO [dbo].[Customer] (CustomerID, Phone, Email) VALUES (228 ,'+48-456-133-114' , 'solver@gmail.com')
INSERT INTO [dbo].[Company] (CompanyName, CustomerID) VALUES ('SOLVER' , 228 )
INSERT INTO [dbo].[Customer] (CustomerID, Phone, Email) VALUES (229 ,'+48-456-133-010' , 'bmm@gmail.com')
INSERT INTO [dbo].[Company] (CompanyName, CustomerID) VALUES ('BMM' , 229 )
INSERT INTO [dbo].[Customer] (CustomerID, Phone, Email) VALUES (230 ,'+48-456-133-077' , 'f5networks@gmail.com')
INSERT INTO [dbo].[Company] (CompanyName, CustomerID) VALUES ('F5 Networks' , 230 )
INSERT INTO [dbo].[Customer] (CustomerID, Phone, Email) VALUES (231 ,'+48-456-132-839' , 'integrated@gmail.com')
INSERT INTO [dbo].[Company] (CompanyName, CustomerID) VALUES ('Integrated Solutions' , 231 )
INSERT INTO [dbo].[Customer] (CustomerID, Phone, Email) VALUES (232 ,'+48-456-133-003' , 'atendesoft@gmail.com')
INSERT INTO [dbo].[Company] (CompanyName, CustomerID) VALUES ('Atende Software' , 232 )
INSERT INTO [dbo].[Customer] (CustomerID, Phone, Email) VALUES (233 ,'+48-456-133-106' , 'xylent@gmail.com')
INSERT INTO [dbo].[Company] (CompanyName, CustomerID) VALUES ('Xylent' , 233 )
INSERT INTO [dbo].[Customer] (CustomerID, Phone, Email) VALUES (234 ,'+48-456-133-011' , 'sagratechn@gmail.com')
INSERT INTO [dbo].[Company] (CompanyName, CustomerID) VALUES ('Sagra Technology Sp. z o.o.' , 234 )
INSERT INTO [dbo].[Customer] (CustomerID, Phone, Email) VALUES (235 ,'+48-456-133-090' , 'systemicsp@gmail.com')
INSERT INTO [dbo].[Company] (CompanyName, CustomerID) VALUES ('Systemics-PAB' , 235 )
INSERT INTO [dbo].[Customer] (CustomerID, Phone, Email) VALUES (236 ,'+48-456-132-800' , 'actionsa@gmail.com')
INSERT INTO [dbo].[Company] (CompanyName, CustomerID) VALUES ('ACTION SA' , 236 )
INSERT INTO [dbo].[Customer] (CustomerID, Phone, Email) VALUES (237 ,'+48-456-132-972' , 'zakladuslu@gmail.com')
INSERT INTO [dbo].[Company] (CompanyName, CustomerID) VALUES ('Zakład Usług Informatycznych OTAGO Sp. z o.o.' , 237 )
INSERT INTO [dbo].[Customer] (CustomerID, Phone, Email) VALUES (238 ,'+48-456-132-981' , 'beyondpl@gmail.com')
INSERT INTO [dbo].[Company] (CompanyName, CustomerID) VALUES ('Beyond.pl' , 238 )
INSERT INTO [dbo].[Customer] (CustomerID, Phone, Email) VALUES (239 ,'+48-456-132-873' , 'talex@gmail.com')
INSERT INTO [dbo].[Company] (CompanyName, CustomerID) VALUES ('Talex' , 239 )
INSERT INTO [dbo].[Customer] (CustomerID, Phone, Email) VALUES (240 ,'+48-456-133-093' , 'itcubesoft@gmail.com')
INSERT INTO [dbo].[Company] (CompanyName, CustomerID) VALUES ('ITCube Software' , 240 )
INSERT INTO [dbo].[Customer] (CustomerID, Phone, Email) VALUES (241 ,'+48-456-133-013' , 'econsultin@gmail.com')
INSERT INTO [dbo].[Company] (CompanyName, CustomerID) VALUES ('eConsulting Sp. z o.o.' , 241 )
INSERT INTO [dbo].[Customer] (CustomerID, Phone, Email) VALUES (242 ,'+48-456-133-039' , '7milowy@gmail.com')
INSERT INTO [dbo].[Company] (CompanyName, CustomerID) VALUES ('7milowy' , 242 )
INSERT INTO [dbo].[Customer] (CustomerID, Phone, Email) VALUES (243 ,'+48-456-132-803' , 'samsungele@gmail.com')
INSERT INTO [dbo].[Company] (CompanyName, CustomerID) VALUES ('Samsung Electronics Polska' , 243 )
INSERT INTO [dbo].[Customer] (CustomerID, Phone, Email) VALUES (244 ,'+48-456-133-045' , 'polsofteng@gmail.com')
INSERT INTO [dbo].[Company] (CompanyName, CustomerID) VALUES ('Polsoft Engineering' , 244 )
INSERT INTO [dbo].[Customer] (CustomerID, Phone, Email) VALUES (245 ,'+48-456-132-907' , 'sevenet@gmail.com')
INSERT INTO [dbo].[Company] (CompanyName, CustomerID) VALUES ('Sevenet' , 245 )
INSERT INTO [dbo].[Customer] (CustomerID, Phone, Email) VALUES (246 ,'+48-456-132-884' , 'transition@gmail.com')
INSERT INTO [dbo].[Company] (CompanyName, CustomerID) VALUES ('Transition Technologies' , 246 )
INSERT INTO [dbo].[Customer] (CustomerID, Phone, Email) VALUES (247 ,'+48-456-132-846' , 'sadspzoo@gmail.com')
INSERT INTO [dbo].[Company] (CompanyName, CustomerID) VALUES ('SAD sp. z o.o.' , 247 )
INSERT INTO [dbo].[Customer] (CustomerID, Phone, Email) VALUES (248 ,'+48-456-132-887' , 'centralnyo@gmail.com')
INSERT INTO [dbo].[Company] (CompanyName, CustomerID) VALUES ('Centralny Ośrodek Informatyki Górnictwa' , 248 )
INSERT INTO [dbo].[Customer] (CustomerID, Phone, Email) VALUES (249 ,'+48-456-132-804' , 'komputroni@gmail.com')
INSERT INTO [dbo].[Company] (CompanyName, CustomerID) VALUES ('Komputronik SA' , 249 )
INSERT INTO [dbo].[Customer] (CustomerID, Phone, Email) VALUES (250 ,'+48-456-132-810' , 'microsoft@gmail.com')
INSERT INTO [dbo].[Company] (CompanyName, CustomerID) VALUES ('Microsoft' , 250 )
INSERT INTO [dbo].[Customer] (CustomerID, Phone, Email) VALUES (251 ,'+48-456-132-986' , 'ventuscomm@gmail.com')
INSERT INTO [dbo].[Company] (CompanyName, CustomerID) VALUES ('Ventus Communications' , 251 )
INSERT INTO [dbo].[Customer] (CustomerID, Phone, Email) VALUES (252 ,'+48-456-132-824' , 'accenture@gmail.com')
INSERT INTO [dbo].[Company] (CompanyName, CustomerID) VALUES ('Accenture' , 252 )
INSERT INTO [dbo].[Customer] (CustomerID, Phone, Email) VALUES (253 ,'+48-456-132-953' , 'medicalgor@gmail.com')
INSERT INTO [dbo].[Company] (CompanyName, CustomerID) VALUES ('MEDICALgorithmics SA' , 253 )
INSERT INTO [dbo].[Customer] (CustomerID, Phone, Email) VALUES (254 ,'+48-456-133-005' , 'windmobile@gmail.com')
INSERT INTO [dbo].[Company] (CompanyName, CustomerID) VALUES ('Wind Mobile' , 254 )
INSERT INTO [dbo].[Customer] (CustomerID, Phone, Email) VALUES (255 ,'+48-456-133-018' , 'iai@gmail.com')
INSERT INTO [dbo].[Company] (CompanyName, CustomerID) VALUES ('IAI' , 255 )
INSERT INTO [dbo].[Customer] (CustomerID, Phone, Email) VALUES (256 ,'+48-456-133-076' , 'ibpmsa@gmail.com')
INSERT INTO [dbo].[Company] (CompanyName, CustomerID) VALUES ('IBPM SA' , 256 )
INSERT INTO [dbo].[Customer] (CustomerID, Phone, Email) VALUES (257 ,'+48-456-132-966' , 'eonetworks@gmail.com')
INSERT INTO [dbo].[Company] (CompanyName, CustomerID) VALUES ('eo Networks' , 257 )
INSERT INTO [dbo].[Customer] (CustomerID, Phone, Email) VALUES (258 ,'+48-456-132-827' , 'avnet@gmail.com')
INSERT INTO [dbo].[Company] (CompanyName, CustomerID) VALUES ('Avnet' , 258 )
INSERT INTO [dbo].[Customer] (CustomerID, Phone, Email) VALUES (259 ,'+48-456-132-995' , 'zakladelek@outlook.com')
INSERT INTO [dbo].[Company] (CompanyName, CustomerID) VALUES ('ZAKŁAD ELEKTRONICZNEJ TECHNIKI OBLICZENIOWEJ SP. Z O.O.' , 259 )
INSERT INTO [dbo].[Customer] (CustomerID, Phone, Email) VALUES (260 ,'+48-456-132-964' , 'integrakom@gmail.com')
INSERT INTO [dbo].[Company] (CompanyName, CustomerID) VALUES ('IntegraKom sp. z o.o.' , 260 )
INSERT INTO [dbo].[Customer] (CustomerID, Phone, Email) VALUES (261 ,'+48-456-132-830' , 'capgeminip@gmail.com')
INSERT INTO [dbo].[Company] (CompanyName, CustomerID) VALUES ('Capgemini Polska' , 261 )
INSERT INTO [dbo].[Customer] (CustomerID, Phone, Email) VALUES (262 ,'+48-456-132-930' , 'bonair@gmail.com')
INSERT INTO [dbo].[Company] (CompanyName, CustomerID) VALUES ('Bonair' , 262 )
INSERT INTO [dbo].[Customer] (CustomerID, Phone, Email) VALUES (263 ,'+48-456-132-899' , 'andra@gmail.com')
INSERT INTO [dbo].[Company] (CompanyName, CustomerID) VALUES ('ANDRA' , 263 )
INSERT INTO [dbo].[Customer] (CustomerID, Phone, Email) VALUES (264 ,'+48-456-132-959' , 'zakladelek@gmail.com')
INSERT INTO [dbo].[Company] (CompanyName, CustomerID) VALUES ('Zakład Elektronicznej Techniki Obliczeniowej Katowice' , 264 )
INSERT INTO [dbo].[Customer] (CustomerID, Phone, Email) VALUES (265 ,'+48-456-132-992' , 'konwerga@gmail.com')
INSERT INTO [dbo].[Company] (CompanyName, CustomerID) VALUES ('Konwerga' , 265 )
INSERT INTO [dbo].[Customer] (CustomerID, Phone, Email) VALUES (266 ,'+48-456-132-951' , 'novellmicr@gmail.com')
INSERT INTO [dbo].[Company] (CompanyName, CustomerID) VALUES ('Novell (Micro Focus)' , 266 )
INSERT INTO [dbo].[Customer] (CustomerID, Phone, Email) VALUES (267 ,'+48-456-133-078' , 'system1@gmail.com')
INSERT INTO [dbo].[Company] (CompanyName, CustomerID) VALUES ('System-1' , 267 )
INSERT INTO [dbo].[Customer] (CustomerID, Phone, Email) VALUES (268 ,'+48-456-132-988' , 'jcommerce@gmail.com')
INSERT INTO [dbo].[Company] (CompanyName, CustomerID) VALUES ('JCommerce' , 268 )
INSERT INTO [dbo].[Customer] (CustomerID, Phone, Email) VALUES (269 ,'+48-456-132-969' , 'epoint@gmail.com')
INSERT INTO [dbo].[Company] (CompanyName, CustomerID) VALUES ('e-point' , 269 )
INSERT INTO [dbo].[Customer] (CustomerID, Phone, Email) VALUES (270 ,'+48-456-133-101' , 'komplus@gmail.com')
INSERT INTO [dbo].[Company] (CompanyName, CustomerID) VALUES ('KOMPLUS' , 270 )
INSERT INTO [dbo].[Customer] (CustomerID, Phone, Email) VALUES (271 ,'+48-456-133-089' , 'espeosoftw@gmail.com')
INSERT INTO [dbo].[Company] (CompanyName, CustomerID) VALUES ('espeo software' , 271 )
INSERT INTO [dbo].[Customer] (CustomerID, Phone, Email) VALUES (272 ,'+48-456-132-936' , 'esripolska@gmail.com')
INSERT INTO [dbo].[Company] (CompanyName, CustomerID) VALUES ('ESRI Polska' , 272 )
INSERT INTO [dbo].[Customer] (CustomerID, Phone, Email) VALUES (273 ,'+48-456-133-073' , 'insolution@gmail.com')
INSERT INTO [dbo].[Company] (CompanyName, CustomerID) VALUES ('inSolutions s.c.' , 273 )
INSERT INTO [dbo].[Customer] (CustomerID, Phone, Email) VALUES (274 ,'+48-456-133-117' , 'voicelabsp@gmail.com')
INSERT INTO [dbo].[Company] (CompanyName, CustomerID) VALUES ('Voice Lab Sp. z o.o.' , 274 )
INSERT INTO [dbo].[Customer] (CustomerID, Phone, Email) VALUES (275 ,'+48-456-132-821' , 'asuspolska@gmail.com')
INSERT INTO [dbo].[Company] (CompanyName, CustomerID) VALUES ('ASUS Polska' , 275 )
INSERT INTO [dbo].[Customer] (CustomerID, Phone, Email) VALUES (276 ,'+48-456-133-009' , 'compendium@gmail.com')
INSERT INTO [dbo].[Company] (CompanyName, CustomerID) VALUES ('Compendium Centrum Edukacyjne' , 276 )
INSERT INTO [dbo].[Customer] (CustomerID, Phone, Email) VALUES (277 ,'+48-456-133-035' , 'powermedia@gmail.com')
INSERT INTO [dbo].[Company] (CompanyName, CustomerID) VALUES ('Power Media' , 277 )
INSERT INTO [dbo].[Customer] (CustomerID, Phone, Email) VALUES (278 ,'+48-456-132-877' , 'cigamessa@gmail.com')
INSERT INTO [dbo].[Company] (CompanyName, CustomerID) VALUES ('CI Games SA' , 278 )
INSERT INTO [dbo].[Customer] (CustomerID, Phone, Email) VALUES (279 ,'+48-456-132-867' , 'brotherpol@gmail.com')
INSERT INTO [dbo].[Company] (CompanyName, CustomerID) VALUES ('Brother Polska' , 279 )
INSERT INTO [dbo].[Customer] (CustomerID, Phone, Email) VALUES (280 ,'+48-456-132-947' , 'przedsiabi@gmail.com')
INSERT INTO [dbo].[Company] (CompanyName, CustomerID) VALUES ('Przedsiębiorstwo Informatyki ZETO Bydgoszcz SA' , 280 )
INSERT INTO [dbo].[Customer] (CustomerID, Phone, Email) VALUES (281 ,'+48-456-133-030' , 'heuthesspz@gmail.com')
INSERT INTO [dbo].[Company] (CompanyName, CustomerID) VALUES ('HEUTHES Sp. z o.o.' , 281 )
INSERT INTO [dbo].[Customer] (CustomerID, Phone, Email) VALUES (282 ,'+48-456-133-040' , '3servicesf@gmail.com')
INSERT INTO [dbo].[Company] (CompanyName, CustomerID) VALUES ('3Services Factory S.A.' , 282 )
INSERT INTO [dbo].[Customer] (CustomerID, Phone, Email) VALUES (283 ,'+48-456-132-842' , 'sii@gmail.com')
INSERT INTO [dbo].[Company] (CompanyName, CustomerID) VALUES ('Sii' , 283 )
INSERT INTO [dbo].[Customer] (CustomerID, Phone, Email) VALUES (284 ,'+48-456-133-025' , 'btcbusines@gmail.com')
INSERT INTO [dbo].[Company] (CompanyName, CustomerID) VALUES ('BTC Business Technology Consulting Sp. z o.o.' , 284 )
INSERT INTO [dbo].[Customer] (CustomerID, Phone, Email) VALUES (285 ,'+48-456-133-064' , 'ramserwis@gmail.com')
INSERT INTO [dbo].[Company] (CompanyName, CustomerID) VALUES ('RAM-SERWIS' , 285 )
INSERT INTO [dbo].[Customer] (CustomerID, Phone, Email) VALUES (286 ,'+48-456-132-805' , 'lenovotech@gmail.com')
INSERT INTO [dbo].[Company] (CompanyName, CustomerID) VALUES ('Lenovo Technology Poland' , 286 )
INSERT INTO [dbo].[Customer] (CustomerID, Phone, Email) VALUES (287 ,'+48-456-133-079' , 'macrogames@gmail.com')
INSERT INTO [dbo].[Company] (CompanyName, CustomerID) VALUES ('Macro Games' , 287 )
INSERT INTO [dbo].[Customer] (CustomerID, Phone, Email) VALUES (288 ,'+48-456-133-112' , 'immusecspz@gmail.com')
INSERT INTO [dbo].[Company] (CompanyName, CustomerID) VALUES ('IMMUSEC Sp. z o.o.' , 288 )
INSERT INTO [dbo].[Customer] (CustomerID, Phone, Email) VALUES (289 ,'+48-456-133-059' , 'proalphapo@gmail.com')
INSERT INTO [dbo].[Company] (CompanyName, CustomerID) VALUES ('proALPHA Polska' , 289 )
INSERT INTO [dbo].[Customer] (CustomerID, Phone, Email) VALUES (290 ,'+48-456-132-900' , 'junipernet@gmail.com')
INSERT INTO [dbo].[Company] (CompanyName, CustomerID) VALUES ('Juniper Networks Poland' , 290 )
INSERT INTO [dbo].[Customer] (CustomerID, Phone, Email) VALUES (291 ,'+48-456-132-923' , 'altkom@gmail.com')
INSERT INTO [dbo].[Company] (CompanyName, CustomerID) VALUES ('Altkom' , 291 )
INSERT INTO [dbo].[Customer] (CustomerID, Phone, Email) VALUES (292 ,'+48-456-132-954' , 'infoprojek@gmail.com')
INSERT INTO [dbo].[Company] (CompanyName, CustomerID) VALUES ('Info-Projekt IT Sp. z o.o.' , 292 )
INSERT INTO [dbo].[Customer] (CustomerID, Phone, Email) VALUES (293 ,'+48-456-132-850' , 'atende@gmail.com')
INSERT INTO [dbo].[Company] (CompanyName, CustomerID) VALUES ('Atende' , 293 )
INSERT INTO [dbo].[Customer] (CustomerID, Phone, Email) VALUES (294 ,'+48-456-132-912' , 'biuroproje@gmail.com')
INSERT INTO [dbo].[Company] (CompanyName, CustomerID) VALUES ('Biuro Projektowania Systemów Cyfrowych' , 294 )
INSERT INTO [dbo].[Customer] (CustomerID, Phone, Email) VALUES (295 ,'+48-456-132-906' , 'unit4polsk@gmail.com')
INSERT INTO [dbo].[Company] (CompanyName, CustomerID) VALUES ('Unit4 Polska' , 295 )
INSERT INTO [dbo].[Customer] (CustomerID, Phone, Email) VALUES (296 ,'+48-456-132-893' , 'komanord@gmail.com')
INSERT INTO [dbo].[Company] (CompanyName, CustomerID) VALUES ('Koma Nord' , 296 )
INSERT INTO [dbo].[Customer] (CustomerID, Phone, Email) VALUES (297 ,'+48-456-132-823' , 'sappolska@gmail.com')
INSERT INTO [dbo].[Company] (CompanyName, CustomerID) VALUES ('SAP Polska' , 297 )
INSERT INTO [dbo].[Customer] (CustomerID, Phone, Email) VALUES (298 ,'+48-456-133-008' , 'ctpartners@gmail.com')
INSERT INTO [dbo].[Company] (CompanyName, CustomerID) VALUES ('CTPartners' , 298 )
INSERT INTO [dbo].[Customer] (CustomerID, Phone, Email) VALUES (299 ,'+48-456-133-084' , 'riscosoftw@gmail.com')
INSERT INTO [dbo].[Company] (CompanyName, CustomerID) VALUES ('Risco Software' , 299 )
INSERT INTO [dbo].[Customer] (CustomerID, Phone, Email) VALUES (300 ,'+48-456-132-958' , 'kontelspol@gmail.com')
INSERT INTO [dbo].[Company] (CompanyName, CustomerID) VALUES ('KONTEL Spółka z ograniczoną odpowiedzialnością Sp.k.' , 300 )
INSERT INTO [dbo].[Customer] (CustomerID, Phone, Email) VALUES (301 ,'+48-456-132-837' , 'compsa@gmail.com')
INSERT INTO [dbo].[Company] (CompanyName, CustomerID) VALUES ('Comp SA' , 301 )
INSERT INTO [dbo].[Customer] (CustomerID, Phone, Email) VALUES (302 ,'+48-456-132-875' , 'sasinstitu@gmail.com')
INSERT INTO [dbo].[Company] (CompanyName, CustomerID) VALUES ('SAS Institute' , 302 )
INSERT INTO [dbo].[Customer] (CustomerID, Phone, Email) VALUES (303 ,'+48-456-133-048' , 'trendmicro@gmail.com')
INSERT INTO [dbo].[Company] (CompanyName, CustomerID) VALUES ('Trend Micro' , 303 )
INSERT INTO [dbo].[Customer] (CustomerID, Phone, Email) VALUES (304 ,'+48-456-132-836' , 'apnpromise@gmail.com')
INSERT INTO [dbo].[Company] (CompanyName, CustomerID) VALUES ('A. P. N. Promise' , 304 )
INSERT INTO [dbo].[Customer] (CustomerID, Phone, Email) VALUES (305 ,'+48-456-132-840' , 'konicamino@gmail.com')
INSERT INTO [dbo].[Company] (CompanyName, CustomerID) VALUES ('Konica Minolta Business Solutions Polska' , 305 )
INSERT INTO [dbo].[Customer] (CustomerID, Phone, Email) VALUES (306 ,'+48-456-133-082' , 'gecosspzoo@gmail.com')
INSERT INTO [dbo].[Company] (CompanyName, CustomerID) VALUES ('GECOS Sp. z o.o.' , 306 )
INSERT INTO [dbo].[Customer] (CustomerID, Phone, Email) VALUES (307 ,'+48-456-133-118' , 'chilidagen@gmail.com')
INSERT INTO [dbo].[Company] (CompanyName, CustomerID) VALUES ('Chilid Agency ' , 307 )
INSERT INTO [dbo].[Customer] (CustomerID, Phone, Email) VALUES (308 ,'+48-456-132-820' , 'qumak@gmail.com')
INSERT INTO [dbo].[Company] (CompanyName, CustomerID) VALUES ('Qumak' , 308 )
INSERT INTO [dbo].[Customer] (CustomerID, Phone, Email) VALUES (309 ,'+48-456-132-799' , 'abcdata@gmail.com')
INSERT INTO [dbo].[Company] (CompanyName, CustomerID) VALUES ('ABC Data' , 309 )
INSERT INTO [dbo].[Customer] (CustomerID, Phone, Email) VALUES (310 ,'+48-456-132-891' , 'cloudwarep@gmail.com')
INSERT INTO [dbo].[Company] (CompanyName, CustomerID) VALUES ('Cloudware Polska' , 310 )
INSERT INTO [dbo].[Customer] (CustomerID, Phone, Email) VALUES (311 ,'+48-456-132-910' , 'lgbspolska@gmail.com')
INSERT INTO [dbo].[Company] (CompanyName, CustomerID) VALUES ('LGBS Polska' , 311 )
INSERT INTO [dbo].[Customer] (CustomerID, Phone, Email) VALUES (312 ,'+48-456-132-984' , 'lsisoftwar@gmail.com')
INSERT INTO [dbo].[Company] (CompanyName, CustomerID) VALUES ('LSI Software' , 312 )
INSERT INTO [dbo].[Customer] (CustomerID, Phone, Email) VALUES (313 ,'+48-456-132-817' , 'oraclepols@gmail.com')
INSERT INTO [dbo].[Company] (CompanyName, CustomerID) VALUES ('Oracle Polska' , 313 )
INSERT INTO [dbo].[Customer] (CustomerID, Phone, Email) VALUES (314 ,'+48-456-132-868' , 'ricohpolsk@gmail.com')
INSERT INTO [dbo].[Company] (CompanyName, CustomerID) VALUES ('Ricoh Polska' , 314 )
INSERT INTO [dbo].[Customer] (CustomerID, Phone, Email) VALUES (315 ,'+48-456-133-110' , 'akrapolska@gmail.com')
INSERT INTO [dbo].[Company] (CompanyName, CustomerID) VALUES ('AKRA Polska' , 315 )
INSERT INTO [dbo].[Customer] (CustomerID, Phone, Email) VALUES (316 ,'+48-456-132-841' , 'tsystemspo@gmail.com')
INSERT INTO [dbo].[Company] (CompanyName, CustomerID) VALUES ('T-Systems Polska' , 316 )
INSERT INTO [dbo].[Customer] (CustomerID, Phone, Email) VALUES (317 ,'+48-456-132-809' , 'assecopola@gmail.com')
INSERT INTO [dbo].[Company] (CompanyName, CustomerID) VALUES ('Asseco Poland' , 317 )
INSERT INTO [dbo].[Customer] (CustomerID, Phone, Email) VALUES (318 ,'+48-456-133-056' , 'eqsystem@gmail.com')
INSERT INTO [dbo].[Company] (CompanyName, CustomerID) VALUES ('EQ System' , 318 )
INSERT INTO [dbo].[Customer] (CustomerID, Phone, Email) VALUES (319 ,'+48-456-133-053' , 'bloobertea@gmail.com')
INSERT INTO [dbo].[Company] (CompanyName, CustomerID) VALUES ('Bloober Team' , 319 )
INSERT INTO [dbo].[Customer] (CustomerID, Phone, Email) VALUES (320 ,'+48-456-132-931' , 'combidatap@gmail.com')
INSERT INTO [dbo].[Company] (CompanyName, CustomerID) VALUES ('COMBIDATA Poland' , 320 )
INSERT INTO [dbo].[Customer] (CustomerID, Phone, Email) VALUES (321 ,'+48-456-132-928' , 'vulcan@gmail.com')
INSERT INTO [dbo].[Company] (CompanyName, CustomerID) VALUES ('VULCAN' , 321 )
INSERT INTO [dbo].[Customer] (CustomerID, Phone, Email) VALUES (322 ,'+48-456-133-074' , 'insoft@gmail.com')
INSERT INTO [dbo].[Company] (CompanyName, CustomerID) VALUES ('INSOFT' , 322 )
INSERT INTO [dbo].[Customer] (CustomerID, Phone, Email) VALUES (323 ,'+48-456-132-993' , 'questdystr@gmail.com')
INSERT INTO [dbo].[Company] (CompanyName, CustomerID) VALUES ('Quest-Dystrybucja' , 323 )
INSERT INTO [dbo].[Customer] (CustomerID, Phone, Email) VALUES (324 ,'+48-456-133-072' , 'ravnet@gmail.com')
INSERT INTO [dbo].[Company] (CompanyName, CustomerID) VALUES ('Ravnet' , 324 )
INSERT INTO [dbo].[Customer] (CustomerID, Phone, Email) VALUES (325 ,'+48-456-132-894' , 'vmware@gmail.com')
INSERT INTO [dbo].[Company] (CompanyName, CustomerID) VALUES ('VMware' , 325 )
INSERT INTO [dbo].[Customer] (CustomerID, Phone, Email) VALUES (326 ,'+48-456-132-890' , 'sagespzoo@gmail.com')
INSERT INTO [dbo].[Company] (CompanyName, CustomerID) VALUES ('Sage sp. z o.o.' , 326 )
INSERT INTO [dbo].[Customer] (CustomerID, Phone, Email) VALUES (327 ,'+48-456-132-990' , 'xplus@gmail.com')
INSERT INTO [dbo].[Company] (CompanyName, CustomerID) VALUES ('Xplus' , 327 )
INSERT INTO [dbo].[Customer] (CustomerID, Phone, Email) VALUES (328 ,'+48-456-132-960' , 'innergosys@gmail.com')
INSERT INTO [dbo].[Company] (CompanyName, CustomerID) VALUES ('Innergo Systems' , 328 )
INSERT INTO [dbo].[Customer] (CustomerID, Phone, Email) VALUES (329 ,'+48-456-132-858' , 'komputroni@outlook.com')
INSERT INTO [dbo].[Company] (CompanyName, CustomerID) VALUES ('Komputronik Biznes' , 329 )
INSERT INTO [dbo].[Customer] (CustomerID, Phone, Email) VALUES (330 ,'+48-456-132-860' , 'comparexpo@gmail.com')
INSERT INTO [dbo].[Company] (CompanyName, CustomerID) VALUES ('COMPAREX Poland' , 330 )
INSERT INTO [dbo].[Customer] (CustomerID, Phone, Email) VALUES (331 ,'+48-456-132-903' , 'hicron@gmail.com')
INSERT INTO [dbo].[Company] (CompanyName, CustomerID) VALUES ('HICRON' , 331 )
INSERT INTO [dbo].[Customer] (CustomerID, Phone, Email) VALUES (332 ,'+48-456-132-911' , 'simplesa@gmail.com')
INSERT INTO [dbo].[Company] (CompanyName, CustomerID) VALUES ('SIMPLE SA' , 332 )
INSERT INTO [dbo].[Customer] (CustomerID, Phone, Email) VALUES (333 ,'+48-456-132-918' , 'dgt@gmail.com')
INSERT INTO [dbo].[Company] (CompanyName, CustomerID) VALUES ('DGT' , 333 )
INSERT INTO [dbo].[Customer] (CustomerID, Phone, Email) VALUES (334 ,'+48-456-133-046' , 'valuetank@gmail.com')
INSERT INTO [dbo].[Company] (CompanyName, CustomerID) VALUES ('ValueTank' , 334 )
INSERT INTO [dbo].[Customer] (CustomerID, Phone, Email) VALUES (335 ,'+48-456-132-878' , 'opteam@gmail.com')
INSERT INTO [dbo].[Company] (CompanyName, CustomerID) VALUES ('OPTeam' , 335 )
INSERT INTO [dbo].[Customer] (CustomerID, Phone, Email) VALUES (336 ,'+48-456-132-945' , 'engavespzo@gmail.com')
INSERT INTO [dbo].[Company] (CompanyName, CustomerID) VALUES ('Engave Sp. z o.o.' , 336 )
INSERT INTO [dbo].[Customer] (CustomerID, Phone, Email) VALUES (337 ,'+48-456-133-085' , 'etobres@gmail.com')
INSERT INTO [dbo].[Company] (CompanyName, CustomerID) VALUES ('ETOB-RES' , 337 )
INSERT INTO [dbo].[Customer] (CustomerID, Phone, Email) VALUES (338 ,'+48-456-132-851' , 'sprintsa@gmail.com')
INSERT INTO [dbo].[Company] (CompanyName, CustomerID) VALUES ('Sprint S.A.' , 338 )
INSERT INTO [dbo].[Customer] (CustomerID, Phone, Email) VALUES (339 ,'+48-456-132-898' , 'atmsa@gmail.com')
INSERT INTO [dbo].[Company] (CompanyName, CustomerID) VALUES ('ATM SA' , 339 )
INSERT INTO [dbo].[Customer] (CustomerID, Phone, Email) VALUES (340 ,'+48-456-132-970' , 'zetosoftwa@gmail.com')
INSERT INTO [dbo].[Company] (CompanyName, CustomerID) VALUES ('ZETO SOFTWARE Sp. z o.o.' , 340 )
INSERT INTO [dbo].[Customer] (CustomerID, Phone, Email) VALUES (341 ,'+48-456-133-097' , 'fsecurespz@gmail.com')
INSERT INTO [dbo].[Company] (CompanyName, CustomerID) VALUES ('F-Secure sp. z o.o.' , 341 )
INSERT INTO [dbo].[Customer] (CustomerID, Phone, Email) VALUES (342 ,'+48-456-132-847' , 'xeroxpolsk@gmail.com')
INSERT INTO [dbo].[Company] (CompanyName, CustomerID) VALUES ('Xerox Polska' , 342 )
INSERT INTO [dbo].[Customer] (CustomerID, Phone, Email) VALUES (343 ,'+48-456-132-978' , 'rekordsi@gmail.com')
INSERT INTO [dbo].[Company] (CompanyName, CustomerID) VALUES ('REKORD SI' , 343 )
INSERT INTO [dbo].[Customer] (CustomerID, Phone, Email) VALUES (344 ,'+48-456-133-017' , 'fqspoland@gmail.com')
INSERT INTO [dbo].[Company] (CompanyName, CustomerID) VALUES ('FQS Poland' , 344 )
INSERT INTO [dbo].[Customer] (CustomerID, Phone, Email) VALUES (345 ,'+48-456-132-946' , 'unima2000s@gmail.com')
INSERT INTO [dbo].[Company] (CompanyName, CustomerID) VALUES ('Unima 2000 Systemy Teleinformatyczne' , 345 )
INSERT INTO [dbo].[Customer] (CustomerID, Phone, Email) VALUES (346 ,'+48-456-132-825' , 'ciscosyste@gmail.com')
INSERT INTO [dbo].[Company] (CompanyName, CustomerID) VALUES ('Cisco Systems Poland' , 346 )
INSERT INTO [dbo].[Customer] (CustomerID, Phone, Email) VALUES (347 ,'+48-456-132-971' , 'hitachidat@gmail.com')
INSERT INTO [dbo].[Company] (CompanyName, CustomerID) VALUES ('Hitachi Data Systems (Polska) Sp. z o.o.' , 347 )
INSERT INTO [dbo].[Customer] (CustomerID, Phone, Email) VALUES (348 ,'+48-456-133-066' , 'bscpolska@gmail.com')
INSERT INTO [dbo].[Company] (CompanyName, CustomerID) VALUES ('BSC Polska' , 348 )
INSERT INTO [dbo].[Customer] (CustomerID, Phone, Email) VALUES (349 ,'+48-456-132-866' , 'comarchpol@gmail.com')
INSERT INTO [dbo].[Company] (CompanyName, CustomerID) VALUES ('Comarch Polska SA' , 349 )
INSERT INTO [dbo].[Customer] (CustomerID, Phone, Email) VALUES (350 ,'+48-456-133-088' , 'looksoft@gmail.com')
INSERT INTO [dbo].[Company] (CompanyName, CustomerID) VALUES ('Looksoft' , 350 )
INSERT INTO [dbo].[Customer] (CustomerID, Phone, Email) VALUES (351 ,'+48-456-132-856' , 'assecobusi@gmail.com')
INSERT INTO [dbo].[Company] (CompanyName, CustomerID) VALUES ('Asseco Business Solutions' , 351 )
INSERT INTO [dbo].[Customer] (CustomerID, Phone, Email) VALUES (352 ,'+48-456-132-886' , 'cgiinforma@gmail.com')
INSERT INTO [dbo].[Company] (CompanyName, CustomerID) VALUES ('CGI Information Systems and Management Consultants (Polska)' , 352 )
INSERT INTO [dbo].[Customer] (CustomerID, Phone, Email) VALUES (353 ,'+48-456-132-849' , 'emccompute@gmail.com')
INSERT INTO [dbo].[Company] (CompanyName, CustomerID) VALUES ('EMC Computer Systems Poland' , 353 )
INSERT INTO [dbo].[Customer] (CustomerID, Phone, Email) VALUES (354 ,'+48-456-132-973' , 'globema@gmail.com')
INSERT INTO [dbo].[Company] (CompanyName, CustomerID) VALUES ('Globema' , 354 )
INSERT INTO [dbo].[Customer] (CustomerID, Phone, Email) VALUES (355 ,'+48-456-133-083' , 'ccaeuropep@gmail.com')
INSERT INTO [dbo].[Company] (CompanyName, CustomerID) VALUES ('CCA Europe.pl' , 355 )
INSERT INTO [dbo].[Customer] (CustomerID, Phone, Email) VALUES (356 ,'+48-456-133-000' , 'surflandsy@gmail.com')
INSERT INTO [dbo].[Company] (CompanyName, CustomerID) VALUES ('Surfland Systemy Komputerowe S.A.' , 356 )
INSERT INTO [dbo].[Customer] (CustomerID, Phone, Email) VALUES (357 ,'+48-456-132-948' , 'pentacomps@gmail.com')
INSERT INTO [dbo].[Company] (CompanyName, CustomerID) VALUES ('Pentacomp Systemy Informatyczne' , 357 )
INSERT INTO [dbo].[Customer] (CustomerID, Phone, Email) VALUES (358 ,'+48-456-133-012' , 'vividgames@gmail.com')
INSERT INTO [dbo].[Company] (CompanyName, CustomerID) VALUES ('Vivid Games' , 358 )
INSERT INTO [dbo].[Customer] (CustomerID, Phone, Email) VALUES (359 ,'+48-456-132-967' , 'q4net@gmail.com')
INSERT INTO [dbo].[Company] (CompanyName, CustomerID) VALUES ('Q4Net' , 359 )
INSERT INTO [dbo].[Customer] (CustomerID, Phone, Email) VALUES (360 ,'+48-456-133-067' , 'dataconsul@gmail.com')
INSERT INTO [dbo].[Company] (CompanyName, CustomerID) VALUES ('DataConsult' , 360 )
INSERT INTO [dbo].[Customer] (CustomerID, Phone, Email) VALUES (361 ,'+48-456-132-859' , 's4e@gmail.com')
INSERT INTO [dbo].[Company] (CompanyName, CustomerID) VALUES ('S4E' , 361 )
INSERT INTO [dbo].[Customer] (CustomerID, Phone, Email) VALUES (362 ,'+48-456-133-091' , 'mga@gmail.com')
INSERT INTO [dbo].[Company] (CompanyName, CustomerID) VALUES ('MGA' , 362 )
INSERT INTO [dbo].[Customer] (CustomerID, Phone, Email) VALUES (363 ,'+48-456-132-880' , 'cubeitg@gmail.com')
INSERT INTO [dbo].[Company] (CompanyName, CustomerID) VALUES ('CUBE.ITG' , 363 )
INSERT INTO [dbo].[Customer] (CustomerID, Phone, Email) VALUES (364 ,'+48-456-133-024' , 'soneta@gmail.com')
INSERT INTO [dbo].[Company] (CompanyName, CustomerID) VALUES ('Soneta' , 364 )
INSERT INTO [dbo].[Customer] (CustomerID, Phone, Email) VALUES (365 ,'+48-456-133-071' , 'wheelsyste@gmail.com')
INSERT INTO [dbo].[Company] (CompanyName, CustomerID) VALUES ('WHEEL Systems' , 365 )
INSERT INTO [dbo].[Customer] (CustomerID, Phone, Email) VALUES (366 ,'+48-456-132-942' , 'itserwis@gmail.com')
INSERT INTO [dbo].[Company] (CompanyName, CustomerID) VALUES ('IT Serwis' , 366 )
INSERT INTO [dbo].[Customer] (CustomerID, Phone, Email) VALUES (367 ,'+48-456-133-014' , 'gavdipolsk@gmail.com')
INSERT INTO [dbo].[Company] (CompanyName, CustomerID) VALUES ('GAVDI Polska' , 367 )
INSERT INTO [dbo].[Customer] (CustomerID, Phone, Email) VALUES (368 ,'+48-456-132-863' , 'ncrpolska@gmail.com')
INSERT INTO [dbo].[Company] (CompanyName, CustomerID) VALUES ('NCR Polska' , 368 )
INSERT INTO [dbo].[Customer] (CustomerID, Phone, Email) VALUES (369 ,'+48-456-133-060' , 'pivotalpol@gmail.com')
INSERT INTO [dbo].[Company] (CompanyName, CustomerID) VALUES ('Pivotal Polska' , 369 )
INSERT INTO [dbo].[Customer] (CustomerID, Phone, Email) VALUES (370 ,'+48-456-132-888' , 'bccbusines@gmail.com')
INSERT INTO [dbo].[Company] (CompanyName, CustomerID) VALUES ('BCC (Business Consulting Center)' , 370 )
INSERT INTO [dbo].[Customer] (CustomerID, Phone, Email) VALUES (371 ,'+48-456-132-905' , 'necdisplay@gmail.com')
INSERT INTO [dbo].[Company] (CompanyName, CustomerID) VALUES ('NEC Display Solutions GmbH' , 371 )
INSERT INTO [dbo].[Customer] (CustomerID, Phone, Email) VALUES (372 ,'+48-456-132-904' , 'ifsindustr@gmail.com')
INSERT INTO [dbo].[Company] (CompanyName, CustomerID) VALUES ('IFS Industrial and Financial Systems Poland' , 372 )
INSERT INTO [dbo].[Customer] (CustomerID, Phone, Email) VALUES (373 ,'+48-456-132-812' , 'ibmpolska@gmail.com')
INSERT INTO [dbo].[Company] (CompanyName, CustomerID) VALUES ('IBM Polska' , 373 )
INSERT INTO [dbo].[Customer] (CustomerID, Phone, Email) VALUES (374 ,'+48-456-132-819' , 'bluemedia@gmail.com')
INSERT INTO [dbo].[Company] (CompanyName, CustomerID) VALUES ('Blue Media' , 374 )
INSERT INTO [dbo].[Customer] (CustomerID, Phone, Email) VALUES (375 ,'+48-456-132-801' , 'absa@gmail.com')
INSERT INTO [dbo].[Company] (CompanyName, CustomerID) VALUES ('AB SA' , 375 )
INSERT INTO [dbo].[Customer] (CustomerID, Phone, Email) VALUES (376 ,'+48-456-133-080' , 'itsg@gmail.com')
INSERT INTO [dbo].[Company] (CompanyName, CustomerID) VALUES ('ITSG' , 376 )
INSERT INTO [dbo].[Customer] (CustomerID, Phone, Email) VALUES (377 ,'+48-456-132-864' , 'atenauslug@gmail.com')
INSERT INTO [dbo].[Company] (CompanyName, CustomerID) VALUES ('ATENA Usługi Informatyczne i Finansowe SA' , 377 )
INSERT INTO [dbo].[Customer] (CustomerID, Phone, Email) VALUES (378 ,'+48-456-132-922' , 'checkpoint@gmail.com')
INSERT INTO [dbo].[Company] (CompanyName, CustomerID) VALUES ('Check Point Software Technologies (Poland)' , 378 )
INSERT INTO [dbo].[Customer] (CustomerID, Phone, Email) VALUES (379 ,'+48-456-133-020' , 'petrosoftp@gmail.com')
INSERT INTO [dbo].[Company] (CompanyName, CustomerID) VALUES ('Petrosoft.pl Technologie Informatyczne' , 379 )
INSERT INTO [dbo].[Customer] (CustomerID, Phone, Email) VALUES (380 ,'+48-456-133-063' , 'lunarlogic@gmail.com')
INSERT INTO [dbo].[Company] (CompanyName, CustomerID) VALUES ('Lunar Logic Sp. z o.o.' , 380 )
INSERT INTO [dbo].[Customer] (CustomerID, Phone, Email) VALUES (381 ,'+48-456-132-952' , 'autodesk@gmail.com')
INSERT INTO [dbo].[Company] (CompanyName, CustomerID) VALUES ('Autodesk' , 381 )
INSERT INTO [dbo].[Customer] (CustomerID, Phone, Email) VALUES (382 ,'+48-456-132-937' , 'netologysp@gmail.com')
INSERT INTO [dbo].[Company] (CompanyName, CustomerID) VALUES ('net-o-logy Sp. z o.o.' , 382 )
INSERT INTO [dbo].[Customer] (CustomerID, Phone, Email) VALUES (383 ,'+48-456-132-983' , 'businesspa@gmail.com')
INSERT INTO [dbo].[Company] (CompanyName, CustomerID) VALUES ('Business Partners eXcellence Sp. z o.o.' , 383 )
INSERT INTO [dbo].[Customer] (CustomerID, Phone, Email) VALUES (384 ,'+48-456-132-828' , 'lgelectron@gmail.com')
INSERT INTO [dbo].[Company] (CompanyName, CustomerID) VALUES ('LG Electronics Polska' , 384 )
INSERT INTO [dbo].[Customer] (CustomerID, Phone, Email) VALUES (385 ,'+48-456-132-902' , 'proximus@gmail.com')
INSERT INTO [dbo].[Company] (CompanyName, CustomerID) VALUES ('Proximus' , 385 )
INSERT INTO [dbo].[Customer] (CustomerID, Phone, Email) VALUES (386 ,'+48-456-132-834' , 'ericpolspz@gmail.com')
INSERT INTO [dbo].[Company] (CompanyName, CustomerID) VALUES ('Ericpol sp. z o.o.' , 386 )
INSERT INTO [dbo].[Customer] (CustomerID, Phone, Email) VALUES (387 ,'+48-456-132-872' , 'luxoftpola@gmail.com')
INSERT INTO [dbo].[Company] (CompanyName, CustomerID) VALUES ('Luxoft Poland' , 387 )
INSERT INTO [dbo].[Customer] (CustomerID, Phone, Email) VALUES (388 ,'+48-456-132-957' , 'aoc@gmail.com')
INSERT INTO [dbo].[Company] (CompanyName, CustomerID) VALUES ('AOC' , 388 )
INSERT INTO [dbo].[Customer] (CustomerID, Phone, Email) VALUES (389 ,'+48-456-132-944' , 'outbox@gmail.com')
INSERT INTO [dbo].[Company] (CompanyName, CustomerID) VALUES ('Outbox' , 389 )
INSERT INTO [dbo].[Customer] (CustomerID, Phone, Email) VALUES (390 ,'+48-456-133-052' , 'thefarm51g@gmail.com')
INSERT INTO [dbo].[Company] (CompanyName, CustomerID) VALUES ('The Farm 51 Group' , 390 )
INSERT INTO [dbo].[Customer] (CustomerID, Phone, Email) VALUES (391 ,'+48-456-132-940' , 'indatasoft@gmail.com')
INSERT INTO [dbo].[Company] (CompanyName, CustomerID) VALUES ('INDATA Software SA' , 391 )
INSERT INTO [dbo].[Customer] (CustomerID, Phone, Email) VALUES (392 ,'+48-456-133-116' , 'grcadvisor@gmail.com')
INSERT INTO [dbo].[Company] (CompanyName, CustomerID) VALUES ('GRC Advisory' , 392 )
INSERT INTO [dbo].[Customer] (CustomerID, Phone, Email) VALUES (393 ,'+48-456-133-050' , 'consdata@gmail.com')
INSERT INTO [dbo].[Company] (CompanyName, CustomerID) VALUES ('Consdata' , 393 )
INSERT INTO [dbo].[Customer] (CustomerID, Phone, Email) VALUES (394 ,'+48-456-133-057' , 'altab@gmail.com')
INSERT INTO [dbo].[Company] (CompanyName, CustomerID) VALUES ('ALTAB' , 394 )
INSERT INTO [dbo].[Customer] (CustomerID, Phone, Email) VALUES (395 ,'+48-456-132-862' , 'arcus@gmail.com')
INSERT INTO [dbo].[Company] (CompanyName, CustomerID) VALUES ('Arcus' , 395 )
INSERT INTO [dbo].[Customer] (CustomerID, Phone, Email) VALUES (396 ,'+48-456-133-036' , 'centrumsys@gmail.com')
INSERT INTO [dbo].[Company] (CompanyName, CustomerID) VALUES ('Centrum Systemów Komputerowych ZETO SA' , 396 )
INSERT INTO [dbo].[Customer] (CustomerID, Phone, Email) VALUES (397 ,'+48-456-133-038' , 'probitzuki@gmail.com')
INSERT INTO [dbo].[Company] (CompanyName, CustomerID) VALUES ('PROBIT ZUKiB W.Zawadzki' , 397 )
INSERT INTO [dbo].[Customer] (CustomerID, Phone, Email) VALUES (398 ,'+48-456-132-806' , 'pcfactory@gmail.com')
INSERT INTO [dbo].[Company] (CompanyName, CustomerID) VALUES ('PC Factory' , 398 )
INSERT INTO [dbo].[Customer] (CustomerID, Phone, Email) VALUES (399 ,'+48-456-133-042' , 'fabrityk2@gmail.com')
INSERT INTO [dbo].[Company] (CompanyName, CustomerID) VALUES ('FABRITY K2' , 399 )
INSERT INTO [dbo].[Customer] (CustomerID, Phone, Email) VALUES (400 ,'+48-456-133-026' , 'quantumsof@gmail.com')
INSERT INTO [dbo].[Company] (CompanyName, CustomerID) VALUES ('Quantum Software' , 400 )
INSERT INTO [dbo].[Customer] (CustomerID, Phone, Email) VALUES (401 ,'+48-456-132-916' , 'softwaremi@gmail.com')
INSERT INTO [dbo].[Company] (CompanyName, CustomerID) VALUES ('Software Mind SA' , 401 )
INSERT INTO [dbo].[Customer] (CustomerID, Phone, Email) VALUES (402 ,'+48-456-133-102' , 'sanmargart@gmail.com')
INSERT INTO [dbo].[Company] (CompanyName, CustomerID) VALUES ('Sanmargar Team' , 402 )
INSERT INTO [dbo].[Customer] (CustomerID, Phone, Email) VALUES (403 ,'+48-456-133-034' , 'mineralmid@gmail.com')
INSERT INTO [dbo].[Company] (CompanyName, CustomerID) VALUES ('MINERAL MIDRANGE SA' , 403 )
INSERT INTO [dbo].[Customer] (CustomerID, Phone, Email) VALUES (404 ,'+48-456-133-069' , 'consileonp@gmail.com')
INSERT INTO [dbo].[Company] (CompanyName, CustomerID) VALUES ('Consileon Polska' , 404 )
INSERT INTO [dbo].[Customer] (CustomerID, Phone, Email) VALUES (405 ,'+48-456-133-049' , 'atabajtroi@gmail.com')
INSERT INTO [dbo].[Company] (CompanyName, CustomerID) VALUES ('Atabajt Roik, Słowik, Mazurkiewicz' , 405 )
INSERT INTO [dbo].[Customer] (CustomerID, Phone, Email) VALUES (406 ,'+48-456-133-006' , 'zetotarnow@gmail.com')
INSERT INTO [dbo].[Company] (CompanyName, CustomerID) VALUES ('ZETO Tarnów' , 406 )
INSERT INTO [dbo].[Customer] (CustomerID, Phone, Email) VALUES (407 ,'+48-456-132-865' , 'infomexspz@gmail.com')
INSERT INTO [dbo].[Company] (CompanyName, CustomerID) VALUES ('Infomex Sp. z o.o.' , 407 )
INSERT INTO [dbo].[Customer] (CustomerID, Phone, Email) VALUES (408 ,'+48-456-133-111' , 'bmscreativ@gmail.com')
INSERT INTO [dbo].[Company] (CompanyName, CustomerID) VALUES ('BMS Creative' , 408 )
INSERT INTO [dbo].[Customer] (CustomerID, Phone, Email) VALUES (409 ,'+48-456-132-874' , 'newindspzo@gmail.com')
INSERT INTO [dbo].[Company] (CompanyName, CustomerID) VALUES ('NEWIND sp. z o.o.' , 409 )
INSERT INTO [dbo].[Customer] (CustomerID, Phone, Email) VALUES (410 ,'+48-456-132-977' , 'itboom@gmail.com')
INSERT INTO [dbo].[Company] (CompanyName, CustomerID) VALUES ('ITBoom' , 410 )
INSERT INTO [dbo].[Customer] (CustomerID, Phone, Email) VALUES (411 ,'+48-456-132-876' , 'unizetotec@gmail.com')
INSERT INTO [dbo].[Company] (CompanyName, CustomerID) VALUES ('UNIZETO TECHNOLOGIES' , 411 )
INSERT INTO [dbo].[Customer] (CustomerID, Phone, Email) VALUES (412 ,'+48-456-132-963' , 'vsoft@gmail.com')
INSERT INTO [dbo].[Company] (CompanyName, CustomerID) VALUES ('VSoft' , 412 )
INSERT INTO [dbo].[Customer] (CustomerID, Phone, Email) VALUES (413 ,'+48-456-133-108' , 'varico@gmail.com')
INSERT INTO [dbo].[Company] (CompanyName, CustomerID) VALUES ('Varico' , 413 )
INSERT INTO [dbo].[Customer] (CustomerID, Phone, Email) VALUES (414 ,'+48-456-133-023' , 'eurotronic@gmail.com')
INSERT INTO [dbo].[Company] (CompanyName, CustomerID) VALUES ('Eurotronic' , 414 )
INSERT INTO [dbo].[Customer] (CustomerID, Phone, Email) VALUES (415 ,'+48-456-132-962' , 'streamsoft@gmail.com')
INSERT INTO [dbo].[Company] (CompanyName, CustomerID) VALUES ('Streamsoft' , 415 )
INSERT INTO [dbo].[Customer] (CustomerID, Phone, Email) VALUES (416 ,'+48-456-132-965' , 'citrixsyst@gmail.com')
INSERT INTO [dbo].[Company] (CompanyName, CustomerID) VALUES ('Citrix Systems Poland' , 416 )
INSERT INTO [dbo].[Customer] (CustomerID, Phone, Email) VALUES (417 ,'+48-456-133-099' , 'lsbdata@gmail.com')
INSERT INTO [dbo].[Company] (CompanyName, CustomerID) VALUES ('LSB DATA' , 417 )
INSERT INTO [dbo].[Customer] (CustomerID, Phone, Email) VALUES (418 ,'+48-456-132-896' , 'lufthansas@gmail.com')
INSERT INTO [dbo].[Company] (CompanyName, CustomerID) VALUES ('Lufthansa Systems Poland' , 418 )
INSERT INTO [dbo].[Customer] (CustomerID, Phone, Email) VALUES (419 ,'+48-456-133-104' , '2intellect@gmail.com')
INSERT INTO [dbo].[Company] (CompanyName, CustomerID) VALUES ('2INTELLECT.COM S.A.' , 419 )
INSERT INTO [dbo].[Customer] (CustomerID, Phone, Email) VALUES (420 ,'+48-456-133-028' , 'touk@gmail.com')
INSERT INTO [dbo].[Company] (CompanyName, CustomerID) VALUES ('TouK' , 420 )
INSERT INTO [dbo].[Customer] (CustomerID, Phone, Email) VALUES (421 ,'+48-456-132-950' , 'dlinkpolsk@gmail.com')
INSERT INTO [dbo].[Company] (CompanyName, CustomerID) VALUES ('D-Link (Polska)' , 421 )
INSERT INTO [dbo].[Customer] (CustomerID, Phone, Email) VALUES (422 ,'+48-456-133-032' , 'netwise@gmail.com')
INSERT INTO [dbo].[Company] (CompanyName, CustomerID) VALUES ('Netwise' , 422 )
INSERT INTO [dbo].[Customer] (CustomerID, Phone, Email) VALUES (423 ,'+48-456-132-938' , 'blstream@gmail.com')
INSERT INTO [dbo].[Company] (CompanyName, CustomerID) VALUES ('BLStream' , 423 )
INSERT INTO [dbo].[Customer] (CustomerID, Phone, Email) VALUES (424 ,'+48-456-133-113' , 'eintegra@gmail.com')
INSERT INTO [dbo].[Company] (CompanyName, CustomerID) VALUES ('E-integra' , 424 )
INSERT INTO [dbo].[Customer] (CustomerID, Phone, Email) VALUES (425 ,'+48-456-132-852' , 'infovidema@gmail.com')
INSERT INTO [dbo].[Company] (CompanyName, CustomerID) VALUES ('Infovide-Matrix' , 425 )
INSERT INTO [dbo].[Customer] (CustomerID, Phone, Email) VALUES (426 ,'+48-456-133-051' , 'pretius@gmail.com')
INSERT INTO [dbo].[Company] (CompanyName, CustomerID) VALUES ('Pretius' , 426 )
INSERT INTO [dbo].[Customer] (CustomerID, Phone, Email) VALUES (427 ,'+48-456-132-989' , 'sputniksof@gmail.com')
INSERT INTO [dbo].[Company] (CompanyName, CustomerID) VALUES ('Sputnik Software' , 427 )
INSERT INTO [dbo].[Customer] (CustomerID, Phone, Email) VALUES (428 ,'+48-456-132-885' , 'comtegra@gmail.com')
INSERT INTO [dbo].[Company] (CompanyName, CustomerID) VALUES ('Comtegra' , 428 )
INSERT INTO [dbo].[Customer] (CustomerID, Phone, Email) VALUES (429 ,'+48-456-133-007' , 'komserwisp@gmail.com')
INSERT INTO [dbo].[Company] (CompanyName, CustomerID) VALUES ('Komserwis Przedsiębiorstwo Innowacyjno-Wdrożeniowe' , 429 )
INSERT INTO [dbo].[Customer] (CustomerID, Phone, Email) VALUES (430 ,'+48-456-133-015' , 'simplespzo@gmail.com')
INSERT INTO [dbo].[Company] (CompanyName, CustomerID) VALUES ('SIMPLE Sp. z o.o.' , 430 )
INSERT INTO [dbo].[Customer] (CustomerID, Phone, Email) VALUES (431 ,'+48-456-133-029' , 'dsrspzoo@gmail.com')
INSERT INTO [dbo].[Company] (CompanyName, CustomerID) VALUES ('DSR Sp. z o.o.' , 431 )
INSERT INTO [dbo].[Customer] (CustomerID, Phone, Email) VALUES (432 ,'+48-456-133-070' , 'cpuservice@gmail.com')
INSERT INTO [dbo].[Company] (CompanyName, CustomerID) VALUES ('CPU-Service sp. z o.o.' , 432 )
INSERT INTO [dbo].[Customer] (CustomerID, Phone, Email) VALUES (433 ,'+48-456-132-802' , 'hppolska@gmail.com')
INSERT INTO [dbo].[Company] (CompanyName, CustomerID) VALUES ('HP Polska' , 433 )
INSERT INTO [dbo].[Customer] (CustomerID, Phone, Email) VALUES (434 ,'+48-456-132-818' , 'atospolska@gmail.com')
INSERT INTO [dbo].[Company] (CompanyName, CustomerID) VALUES ('Atos Polska' , 434 )
INSERT INTO [dbo].[Customer] (CustomerID, Phone, Email) VALUES (435 ,'+48-456-132-921' , 'eipspzoo@gmail.com')
INSERT INTO [dbo].[Company] (CompanyName, CustomerID) VALUES ('EIP Sp. z o.o.' , 435 )
INSERT INTO [dbo].[Customer] (CustomerID, Phone, Email) VALUES (436 ,'+48-456-132-985' , 'itmaginati@gmail.com')
INSERT INTO [dbo].[Company] (CompanyName, CustomerID) VALUES ('ITMAGINATION' , 436 )
INSERT INTO [dbo].[Customer] (CustomerID, Phone, Email) VALUES (437 ,'+48-456-132-843' , 'senetic@gmail.com')
INSERT INTO [dbo].[Company] (CompanyName, CustomerID) VALUES ('Senetic' , 437 )
INSERT INTO [dbo].[Customer] (CustomerID, Phone, Email) VALUES (438 ,'+48-456-133-027' , 'softman@gmail.com')
INSERT INTO [dbo].[Company] (CompanyName, CustomerID) VALUES ('Softman' , 438 )
INSERT INTO [dbo].[Customer] (CustomerID, Phone, Email) VALUES (439 ,'+48-456-133-001' , '7bullscom@gmail.com')
INSERT INTO [dbo].[Company] (CompanyName, CustomerID) VALUES ('7bulls.com' , 439 )
INSERT INTO [dbo].[Customer] (CustomerID, Phone, Email) VALUES (440 ,'+48-456-132-908' , 'dahliamati@gmail.com')
INSERT INTO [dbo].[Company] (CompanyName, CustomerID) VALUES ('DahliaMatic' , 440 )
INSERT INTO [dbo].[Customer] (CustomerID, Phone, Email) VALUES (441 ,'+48-456-132-994' , '11bitstudi@gmail.com')
INSERT INTO [dbo].[Company] (CompanyName, CustomerID) VALUES ('11 bit studios' , 441 )
INSERT INTO [dbo].[Customer] (CustomerID, Phone, Email) VALUES (442 ,'+48-456-132-917' , 'pretorspzo@gmail.com')
INSERT INTO [dbo].[Company] (CompanyName, CustomerID) VALUES ('PRETOR sp. z o.o.' , 442 )
INSERT INTO [dbo].[Customer] (CustomerID, Phone, Email) VALUES (443 ,'+48-456-133-115' , 'norbsoft@gmail.com')
INSERT INTO [dbo].[Company] (CompanyName, CustomerID) VALUES ('Norbsoft' , 443 )
INSERT INTO [dbo].[Customer] (CustomerID, Phone, Email) VALUES (444 ,'+48-456-132-811' , 'dellpolska@gmail.com')
INSERT INTO [dbo].[Company] (CompanyName, CustomerID) VALUES ('Dell Polska' , 444 )
INSERT INTO [dbo].[Customer] (CustomerID, Phone, Email) VALUES (445 ,'+48-456-133-075' , 'controllin@gmail.com')
INSERT INTO [dbo].[Company] (CompanyName, CustomerID) VALUES ('Controlling Systems Sp. z o.o.' , 445 )
INSERT INTO [dbo].[Customer] (CustomerID, Phone, Email) VALUES (446 ,'+48-456-132-835' , 'fujitsutec@gmail.com')
INSERT INTO [dbo].[Company] (CompanyName, CustomerID) VALUES ('Fujitsu Technology Solutions' , 446 )
INSERT INTO [dbo].[Customer] (CustomerID, Phone, Email) VALUES (447 ,'+48-456-132-943' , 'cdprojekts@gmail.com')
INSERT INTO [dbo].[Company] (CompanyName, CustomerID) VALUES ('CD PROJEKT SA' , 447 )
INSERT INTO [dbo].[Customer] (CustomerID, Phone, Email) VALUES (448 ,'+48-456-133-031' , 'decerto@gmail.com')
INSERT INTO [dbo].[Company] (CompanyName, CustomerID) VALUES ('Decerto' , 448 )
INSERT INTO [dbo].[Customer] (CustomerID, Phone, Email) VALUES (449 ,'+48-456-132-927' , 'axium@gmail.com')
INSERT INTO [dbo].[Company] (CompanyName, CustomerID) VALUES ('AXIUM' , 449 )
INSERT INTO [dbo].[Customer] (CustomerID, Phone, Email) VALUES (450 ,'+48-456-132-987' , 'livechatso@gmail.com')
INSERT INTO [dbo].[Company] (CompanyName, CustomerID) VALUES ('LiveChat Software' , 450 )
INSERT INTO [dbo].[Customer] (CustomerID, Phone, Email) VALUES (451 ,'+48-456-133-098' , 'syndatis@gmail.com')
INSERT INTO [dbo].[Company] (CompanyName, CustomerID) VALUES ('Syndatis' , 451 )
INSERT INTO [dbo].[Customer] (CustomerID, Phone, Email) VALUES (452 ,'+48-456-132-882' , 'betacom@gmail.com')
INSERT INTO [dbo].[Company] (CompanyName, CustomerID) VALUES ('Betacom' , 452 )
INSERT INTO [dbo].[Customer] (CustomerID, Phone, Email) VALUES (453 ,'+48-456-133-004' , 'ttscompany@gmail.com')
INSERT INTO [dbo].[Company] (CompanyName, CustomerID) VALUES ('TTS Company' , 453 )
INSERT INTO [dbo].[Customer] (CustomerID, Phone, Email) VALUES (454 ,'+48-456-133-044' , 'tekten@gmail.com')
INSERT INTO [dbo].[Company] (CompanyName, CustomerID) VALUES ('tekten' , 454 )
INSERT INTO [dbo].[Customer] (CustomerID, Phone, Email) VALUES (455 ,'+48-456-133-019' , 'veeamsoftw@gmail.com')
INSERT INTO [dbo].[Company] (CompanyName, CustomerID) VALUES ('Veeam Software' , 455 )
INSERT INTO [dbo].[Customer] (CustomerID, Phone, Email) VALUES (456 ,'+48-456-132-974' , 'insert@gmail.com')
INSERT INTO [dbo].[Company] (CompanyName, CustomerID) VALUES ('InsERT' , 456 )
INSERT INTO [dbo].[Customer] (CustomerID, Phone, Email) VALUES (457 ,'+48-456-132-871' , 'pkpinforma@gmail.com')
INSERT INTO [dbo].[Company] (CompanyName, CustomerID) VALUES ('PKP Informatyka' , 457 )
INSERT INTO [dbo].[Customer] (CustomerID, Phone, Email) VALUES (458 ,'+48-456-132-883' , 'itelligenc@gmail.com')
INSERT INTO [dbo].[Company] (CompanyName, CustomerID) VALUES ('itelligence' , 458 )
INSERT INTO [dbo].[Customer] (CustomerID, Phone, Email) VALUES (459 ,'+48-456-133-002' , 'apreel@gmail.com')
INSERT INTO [dbo].[Company] (CompanyName, CustomerID) VALUES ('apreel' , 459 )
INSERT INTO [dbo].[Customer] (CustomerID, Phone, Email) VALUES (460 ,'+48-456-132-892' , 'symantecpo@gmail.com')
INSERT INTO [dbo].[Company] (CompanyName, CustomerID) VALUES ('Symantec Poland' , 460 )
INSERT INTO [dbo].[Customer] (CustomerID, Phone, Email) VALUES (461 ,'+48-456-133-109' , 'alpolprzem@gmail.com')
INSERT INTO [dbo].[Company] (CompanyName, CustomerID) VALUES ('ALPOL Przemysław Lepiarz' , 461 )
INSERT INTO [dbo].[Customer] (CustomerID, Phone, Email) VALUES (462 ,'+48-456-133-081' , 'reset2@gmail.com')
INSERT INTO [dbo].[Company] (CompanyName, CustomerID) VALUES ('Reset2' , 462 )
INSERT INTO [dbo].[Customer] (CustomerID, Phone, Email) VALUES (463 ,'+48-456-132-934' , 'zetorzeszo@gmail.com')
INSERT INTO [dbo].[Company] (CompanyName, CustomerID) VALUES ('ZETO-RZESZÓW' , 463 )
INSERT INTO [dbo].[Customer] (CustomerID, Phone, Email) VALUES (464 ,'+48-456-132-968' , 'itconnect@gmail.com')
INSERT INTO [dbo].[Company] (CompanyName, CustomerID) VALUES ('IT CONNECT' , 464 )
INSERT INTO [dbo].[Customer] (CustomerID, Phone, Email) VALUES (465 ,'+48-456-132-929' , 'impaq@gmail.com')
INSERT INTO [dbo].[Company] (CompanyName, CustomerID) VALUES ('IMPAQ' , 465 )
INSERT INTO [dbo].[Customer] (CustomerID, Phone, Email) VALUES (466 ,'+48-456-132-982' , 'kotrak@gmail.com')
INSERT INTO [dbo].[Company] (CompanyName, CustomerID) VALUES ('Kotrak' , 466 )
INSERT INTO [dbo].[Customer] (CustomerID, Phone, Email) VALUES (467 ,'+48-456-133-033' , 'businessma@gmail.com')
INSERT INTO [dbo].[Company] (CompanyName, CustomerID) VALUES ('Business Management Software' , 467 )
INSERT INTO [dbo].[Customer] (CustomerID, Phone, Email) VALUES (468 ,'+48-456-133-096' , 'goldenberr@gmail.com')
INSERT INTO [dbo].[Company] (CompanyName, CustomerID) VALUES ('Goldenberry' , 468 )
INSERT INTO [dbo].[Customer] (CustomerID, Phone, Email) VALUES (469 ,'+48-456-132-941' , 'infinite@gmail.com')
INSERT INTO [dbo].[Company] (CompanyName, CustomerID) VALUES ('Infinite' , 469 )
INSERT INTO [dbo].[Customer] (CustomerID, Phone, Email) VALUES (470 ,'+48-456-133-095' , 'consorg@gmail.com')
INSERT INTO [dbo].[Company] (CompanyName, CustomerID) VALUES ('CONSORG' , 470 )
