set nocount on;
set identity_insert [dbo].[Customer] on;
INSERT INTO Customer (CustomerID, Phone, Email) VALUES (1 ,'+48-123-470-142' , 'rober.pacek@mail.com')
INSERT INTO Individual (FirstName, LastName, CustomerID) VALUES ('Robert' , 'Pacek' , 1)
INSERT INTO Customer (CustomerID, Phone, Email) VALUES (2 ,'+48-123-468-894' , 'pawel.madaj@gmail.com')
INSERT INTO Individual (FirstName, LastName, CustomerID) VALUES ('Paweł' , 'Madaj' , 2)
INSERT INTO Customer (CustomerID, Phone, Email) VALUES (3 ,'+48-123-460-924' , 'wacla.gorczy@gmail.com')
INSERT INTO Individual (FirstName, LastName, CustomerID) VALUES ('Wacław' , 'Górczyński' , 3)
INSERT INTO Customer (CustomerID, Phone, Email) VALUES (4 ,'+48-123-471-488' , 'jan.ciara@live.com')
INSERT INTO Individual (FirstName, LastName, CustomerID) VALUES ('Jan' , 'Ciara' , 4)
INSERT INTO Customer (CustomerID, Phone, Email) VALUES (5 ,'+48-123-459-952' , 'pawel.tyniec@gmail.com')
INSERT INTO Individual (FirstName, LastName, CustomerID) VALUES ('Paweł' , 'Tyniec' , 5)
INSERT INTO Customer (CustomerID, Phone, Email) VALUES (6 ,'+48-123-469-071' , 'cecyl.kornow@gmail.com')
INSERT INTO Individual (FirstName, LastName, CustomerID) VALUES ('Cecylia' , 'Kornowska' , 6)
INSERT INTO Customer (CustomerID, Phone, Email) VALUES (7 ,'+48-123-460-002' , 'przem.komini@outlook.com')
INSERT INTO Individual (FirstName, LastName, CustomerID) VALUES ('Przemysław' , 'Kominiak' , 7)
INSERT INTO Customer (CustomerID, Phone, Email) VALUES (8 ,'+48-123-462-011' , 'przem.szkopi@gmail.com')
INSERT INTO Individual (FirstName, LastName, CustomerID) VALUES ('Przemysław' , 'Szkopiński' , 8)
INSERT INTO Customer (CustomerID, Phone, Email) VALUES (9 ,'+48-123-472-478' , 'anton.garcza@live.com')
INSERT INTO Individual (FirstName, LastName, CustomerID) VALUES ('Antoni' , 'Garczarek' , 9)
INSERT INTO Customer (CustomerID, Phone, Email) VALUES (10 ,'+48-123-461-625' , 'anton.filipc@outlook.com')
INSERT INTO Individual (FirstName, LastName, CustomerID) VALUES ('Antoni' , 'Filipczuk' , 10)
INSERT INTO Customer (CustomerID, Phone, Email) VALUES (11 ,'+48-123-459-484' , 'magda.musial@gmail.com')
INSERT INTO Individual (FirstName, LastName, CustomerID) VALUES ('Magdalena' , 'Musiała' , 11)
INSERT INTO Customer (CustomerID, Phone, Email) VALUES (12 ,'+48-123-472-209' , 'jakub.kordzi@live.com')
INSERT INTO Individual (FirstName, LastName, CustomerID) VALUES ('Jakub' , 'Kordziński' , 12)
INSERT INTO Customer (CustomerID, Phone, Email) VALUES (13 ,'+48-123-465-341' , 'dariu.myszak@yahoo.com')
INSERT INTO Individual (FirstName, LastName, CustomerID) VALUES ('Dariusz' , 'Myszak' , 13)
INSERT INTO Customer (CustomerID, Phone, Email) VALUES (14 ,'+48-123-467-048' , 'dariu.ratke@mail.com')
INSERT INTO Individual (FirstName, LastName, CustomerID) VALUES ('Dariusz' , 'Ratke' , 14)
INSERT INTO Customer (CustomerID, Phone, Email) VALUES (15 ,'+48-123-462-763' , 'nikod.tomkow@gmail.com')
INSERT INTO Individual (FirstName, LastName, CustomerID) VALUES ('Nikodem' , 'Tomkowski' , 15)
INSERT INTO Customer (CustomerID, Phone, Email) VALUES (16 ,'+48-123-458-602' , 'ignac.curzyt@live.com')
INSERT INTO Individual (FirstName, LastName, CustomerID) VALUES ('Ignacy' , 'Curzytek' , 16)
INSERT INTO Customer (CustomerID, Phone, Email) VALUES (17 ,'+48-123-467-274' , 'fryde.wolosz@live.com')
INSERT INTO Individual (FirstName, LastName, CustomerID) VALUES ('Fryderyk' , 'Wołoszczuk' , 17)
INSERT INTO Customer (CustomerID, Phone, Email) VALUES (18 ,'+48-123-465-814' , 'rysza.ziolo@outlook.com')
INSERT INTO Individual (FirstName, LastName, CustomerID) VALUES ('Ryszard' , 'Zioło' , 18)
INSERT INTO Customer (CustomerID, Phone, Email) VALUES (19 ,'+48-123-462-252' , 'lukas.dziurk@yahoo.com')
INSERT INTO Individual (FirstName, LastName, CustomerID) VALUES ('Łukasz' , 'Dziurkowski' , 19)
INSERT INTO Customer (CustomerID, Phone, Email) VALUES (20 ,'+48-123-467-600' , 'cecyl.klobuc@outlook.com')
INSERT INTO Individual (FirstName, LastName, CustomerID) VALUES ('Cecylia' , 'Kłobuch' , 20)
INSERT INTO Customer (CustomerID, Phone, Email) VALUES (21 ,'+48-123-467-346' , 'eryk.migalsk@live.com')
INSERT INTO Individual (FirstName, LastName, CustomerID) VALUES ('Eryk' , 'Migalski' , 21)
INSERT INTO Customer (CustomerID, Phone, Email) VALUES (22 ,'+48-123-469-505' , 'piotr.dietri@mail.com')
INSERT INTO Individual (FirstName, LastName, CustomerID) VALUES ('Piotr' , 'Dietrich' , 22)
INSERT INTO Customer (CustomerID, Phone, Email) VALUES (23 ,'+48-123-468-265' , 'franc.ligaj@yahoo.com')
INSERT INTO Individual (FirstName, LastName, CustomerID) VALUES ('Franciszek' , 'Ligaj' , 23)
INSERT INTO Customer (CustomerID, Phone, Email) VALUES (24 ,'+48-123-462-601' , 'hiero.mrocze@gmail.com')
INSERT INTO Individual (FirstName, LastName, CustomerID) VALUES ('Hieronim' , 'Mroczek' , 24)
INSERT INTO Customer (CustomerID, Phone, Email) VALUES (25 ,'+48-123-466-463' , 'micha.bodych@live.com')
INSERT INTO Individual (FirstName, LastName, CustomerID) VALUES ('Michał' , 'Bodych' , 25)
INSERT INTO Customer (CustomerID, Phone, Email) VALUES (26 ,'+48-123-462-106' , 'kamil.dydyns@yahoo.com')
INSERT INTO Individual (FirstName, LastName, CustomerID) VALUES ('Kamil' , 'Dydyński' , 26)
INSERT INTO Customer (CustomerID, Phone, Email) VALUES (27 ,'+48-123-464-076' , 'jerzy.jurzyk@outlook.com')
INSERT INTO Individual (FirstName, LastName, CustomerID) VALUES ('Jerzy' , 'Jurzyk' , 27)
INSERT INTO Customer (CustomerID, Phone, Email) VALUES (28 ,'+48-123-460-225' , 'eweli.kaczyn@gmail.com')
INSERT INTO Individual (FirstName, LastName, CustomerID) VALUES ('Ewelina' , 'Kaczyńska' , 28)
INSERT INTO Customer (CustomerID, Phone, Email) VALUES (29 ,'+48-123-457-236' , 'filip.wdowin@gmail.com')
INSERT INTO Individual (FirstName, LastName, CustomerID) VALUES ('Filip' , 'Wdowiński' , 29)
INSERT INTO Customer (CustomerID, Phone, Email) VALUES (30 ,'+48-123-465-294' , 'boles.klebba@gmail.com')
INSERT INTO Individual (FirstName, LastName, CustomerID) VALUES ('Bolesław' , 'Klebba' , 30)
INSERT INTO Customer (CustomerID, Phone, Email) VALUES (31 ,'+48-123-458-282' , 'marci.binien@gmail.com')
INSERT INTO Individual (FirstName, LastName, CustomerID) VALUES ('Marcin' , 'Binienda' , 31)
INSERT INTO Customer (CustomerID, Phone, Email) VALUES (32 ,'+48-123-472-252' , 'jozef.szynko@mail.com')
INSERT INTO Individual (FirstName, LastName, CustomerID) VALUES ('Józef' , 'Szynkowski' , 32)
INSERT INTO Customer (CustomerID, Phone, Email) VALUES (33 ,'+48-123-462-125' , 'jozef.krysiu@gmail.com')
INSERT INTO Individual (FirstName, LastName, CustomerID) VALUES ('Józef' , 'Krysiuk' , 33)
INSERT INTO Customer (CustomerID, Phone, Email) VALUES (34 ,'+48-123-471-344' , 'norbe.faltyn@yahoo.com')
INSERT INTO Individual (FirstName, LastName, CustomerID) VALUES ('Norbert' , 'Faltyn' , 34)
INSERT INTO Customer (CustomerID, Phone, Email) VALUES (35 ,'+48-123-471-485' , 'wikto.szynka@outlook.com')
INSERT INTO Individual (FirstName, LastName, CustomerID) VALUES ('Wiktor' , 'Szynkaruk' , 35)
INSERT INTO Customer (CustomerID, Phone, Email) VALUES (36 ,'+48-123-460-233' , 'wiesl.suchan@gmail.com')
INSERT INTO Individual (FirstName, LastName, CustomerID) VALUES ('Wiesław' , 'Suchanecki' , 36)
INSERT INTO Customer (CustomerID, Phone, Email) VALUES (37 ,'+48-123-461-238' , 'stani.wyrzyk@outlook.com')
INSERT INTO Individual (FirstName, LastName, CustomerID) VALUES ('Stanisław' , 'Wyrzykiewicz' , 37)
INSERT INTO Customer (CustomerID, Phone, Email) VALUES (38 ,'+48-123-460-704' , 'dariu.radom@gmail.com')
INSERT INTO Individual (FirstName, LastName, CustomerID) VALUES ('Dariusz' , 'Radom' , 38)
INSERT INTO Customer (CustomerID, Phone, Email) VALUES (39 ,'+48-123-465-203' , 'aleks.mikows@yahoo.com')
INSERT INTO Individual (FirstName, LastName, CustomerID) VALUES ('Aleksandra' , 'Mikowska' , 39)
INSERT INTO Customer (CustomerID, Phone, Email) VALUES (40 ,'+48-123-472-235' , 'tadeu.laguna@inbox.com')
INSERT INTO Individual (FirstName, LastName, CustomerID) VALUES ('Tadeusz' , 'Łaguna' , 40)
INSERT INTO Customer (CustomerID, Phone, Email) VALUES (41 ,'+48-123-456-819' , 'franc.galant@gmail.com')
INSERT INTO Individual (FirstName, LastName, CustomerID) VALUES ('Franciszek' , 'Galant' , 41)
INSERT INTO Customer (CustomerID, Phone, Email) VALUES (42 ,'+48-123-462-466' , 'rober.obal@outlook.com')
INSERT INTO Individual (FirstName, LastName, CustomerID) VALUES ('Robert' , 'Obal' , 42)
INSERT INTO Customer (CustomerID, Phone, Email) VALUES (43 ,'+48-123-470-705' , 'fryde.milasz@gmail.com')
INSERT INTO Individual (FirstName, LastName, CustomerID) VALUES ('Fryderyk' , 'Miłaszewski' , 43)
INSERT INTO Customer (CustomerID, Phone, Email) VALUES (44 ,'+48-123-464-226' , 'piotr.gronow@gmail.com')
INSERT INTO Individual (FirstName, LastName, CustomerID) VALUES ('Piotr' , 'Gronowski' , 44)
INSERT INTO Customer (CustomerID, Phone, Email) VALUES (45 ,'+48-123-465-470' , 'jakub.jadwis@live.com')
INSERT INTO Individual (FirstName, LastName, CustomerID) VALUES ('Jakub' , 'Jadwiszczak' , 45)
INSERT INTO Customer (CustomerID, Phone, Email) VALUES (46 ,'+48-123-460-116' , 'dariu.kulesa@outlook.com')
INSERT INTO Individual (FirstName, LastName, CustomerID) VALUES ('Dariusz' , 'Kulesa' , 46)
INSERT INTO Customer (CustomerID, Phone, Email) VALUES (47 ,'+48-123-469-186' , 'eugen.mazgaj@live.com')
INSERT INTO Individual (FirstName, LastName, CustomerID) VALUES ('Eugeniusz' , 'Mazgaj' , 47)
INSERT INTO Customer (CustomerID, Phone, Email) VALUES (48 ,'+48-123-462-958' , 'filip.macher@yahoo.com')
INSERT INTO Individual (FirstName, LastName, CustomerID) VALUES ('Filip' , 'Machera' , 48)
INSERT INTO Customer (CustomerID, Phone, Email) VALUES (49 ,'+48-123-462-750' , 'zenon.maters@outlook.com')
INSERT INTO Individual (FirstName, LastName, CustomerID) VALUES ('Zenon' , 'Materski' , 49)
INSERT INTO Customer (CustomerID, Phone, Email) VALUES (50 ,'+48-123-464-093' , 'norbe.zieziu@live.com')
INSERT INTO Individual (FirstName, LastName, CustomerID) VALUES ('Norbert' , 'Zieziula' , 50)
INSERT INTO Customer (CustomerID, Phone, Email) VALUES (51 ,'+48-123-457-478' , 'cezar.koenig@outlook.com')
INSERT INTO Individual (FirstName, LastName, CustomerID) VALUES ('Cezary' , 'Koenig' , 51)
INSERT INTO Customer (CustomerID, Phone, Email) VALUES (52 ,'+48-123-456-933' , 'wiesl.makara@gmail.com')
INSERT INTO Individual (FirstName, LastName, CustomerID) VALUES ('Wiesław' , 'Makara' , 52)
INSERT INTO Customer (CustomerID, Phone, Email) VALUES (53 ,'+48-123-464-441' , 'franc.malkie@gmail.com')
INSERT INTO Individual (FirstName, LastName, CustomerID) VALUES ('Franciszek' , 'Malkiewicz' , 53)
INSERT INTO Customer (CustomerID, Phone, Email) VALUES (54 ,'+48-123-468-491' , 'teres.ciba@outlook.com')
INSERT INTO Individual (FirstName, LastName, CustomerID) VALUES ('Teresa' , 'Ciba' , 54)
INSERT INTO Customer (CustomerID, Phone, Email) VALUES (55 ,'+48-123-471-923' , 'nikod.kowali@yahoo.com')
INSERT INTO Individual (FirstName, LastName, CustomerID) VALUES ('Nikodem' , 'Kowaliszyn' , 55)
INSERT INTO Customer (CustomerID, Phone, Email) VALUES (56 ,'+48-123-463-184' , 'szymo.stanis@outlook.com')
INSERT INTO Individual (FirstName, LastName, CustomerID) VALUES ('Szymon' , 'Stanisławiak' , 56)
INSERT INTO Customer (CustomerID, Phone, Email) VALUES (57 ,'+48-123-470-123' , 'nikod.zduncz@yahoo.com')
INSERT INTO Individual (FirstName, LastName, CustomerID) VALUES ('Nikodem' , 'Zduńczuk' , 57)
INSERT INTO Customer (CustomerID, Phone, Email) VALUES (58 ,'+48-123-472-130' , 'wikto.szlose@mail.com')
INSERT INTO Individual (FirstName, LastName, CustomerID) VALUES ('Wiktor' , 'Szlosek' , 58)
INSERT INTO Customer (CustomerID, Phone, Email) VALUES (59 ,'+48-123-462-313' , 'mariu.wieloc@yahoo.com')
INSERT INTO Individual (FirstName, LastName, CustomerID) VALUES ('Mariusz' , 'Wieloch' , 59)
INSERT INTO Customer (CustomerID, Phone, Email) VALUES (60 ,'+48-123-462-343' , 'jakub.korgol@outlook.com')
INSERT INTO Individual (FirstName, LastName, CustomerID) VALUES ('Jakub' , 'Korgól' , 60)
INSERT INTO Customer (CustomerID, Phone, Email) VALUES (61 ,'+48-123-465-112' , 'grzeg.wolick@gmail.com')
INSERT INTO Individual (FirstName, LastName, CustomerID) VALUES ('Grzegorz' , 'Wolicki' , 61)
INSERT INTO Customer (CustomerID, Phone, Email) VALUES (62 ,'+48-123-471-912' , 'micha.droszc@live.com')
INSERT INTO Individual (FirstName, LastName, CustomerID) VALUES ('Michał' , 'Droszcz' , 62)
INSERT INTO Customer (CustomerID, Phone, Email) VALUES (63 ,'+48-123-465-308' , 'patry.czyszc@live.com')
INSERT INTO Individual (FirstName, LastName, CustomerID) VALUES ('Patrycja' , 'Czyszczoń' , 63)
INSERT INTO Customer (CustomerID, Phone, Email) VALUES (64 ,'+48-123-465-131' , 'wacla.szlask@outlook.com')
INSERT INTO Individual (FirstName, LastName, CustomerID) VALUES ('Wacław' , 'Szlaski' , 64)
INSERT INTO Customer (CustomerID, Phone, Email) VALUES (65 ,'+48-123-469-914' , 'damia.kolarz@outlook.com')
INSERT INTO Individual (FirstName, LastName, CustomerID) VALUES ('Damian' , 'Kolarz' , 65)
INSERT INTO Customer (CustomerID, Phone, Email) VALUES (66 ,'+48-123-458-092' , 'dariu.wicher@gmail.com')
INSERT INTO Individual (FirstName, LastName, CustomerID) VALUES ('Dariusz' , 'Wicherek' , 66)
INSERT INTO Customer (CustomerID, Phone, Email) VALUES (67 ,'+48-123-464-815' , 'andrz.uramow@outlook.com')
INSERT INTO Individual (FirstName, LastName, CustomerID) VALUES ('Andrzej' , 'Uramowski' , 67)
INSERT INTO Customer (CustomerID, Phone, Email) VALUES (68 ,'+48-123-469-820' , 'bogda.dobak@gmail.com')
INSERT INTO Individual (FirstName, LastName, CustomerID) VALUES ('Bogdan' , 'Dobak' , 68)
INSERT INTO Customer (CustomerID, Phone, Email) VALUES (69 ,'+48-123-462-483' , 'cecyl.kamyk@live.com')
INSERT INTO Individual (FirstName, LastName, CustomerID) VALUES ('Cecylia' , 'Kamyk' , 69)
INSERT INTO Customer (CustomerID, Phone, Email) VALUES (70 ,'+48-123-458-854' , 'olgie.makar@gmail.com')
INSERT INTO Individual (FirstName, LastName, CustomerID) VALUES ('Olgierd' , 'Makar' , 70)
INSERT INTO Customer (CustomerID, Phone, Email) VALUES (71 ,'+48-123-470-849' , 'rysza.klimow@gmail.com')
INSERT INTO Individual (FirstName, LastName, CustomerID) VALUES ('Ryszard' , 'Klimowicz' , 71)
INSERT INTO Customer (CustomerID, Phone, Email) VALUES (72 ,'+48-123-457-182' , 'nikod.lopate@gmail.com')
INSERT INTO Individual (FirstName, LastName, CustomerID) VALUES ('Nikodem' , 'Łopatecki' , 72)
INSERT INTO Customer (CustomerID, Phone, Email) VALUES (73 ,'+48-123-464-224' , 'norbe.zawadz@live.com')
INSERT INTO Individual (FirstName, LastName, CustomerID) VALUES ('Norbert' , 'Zawadziński' , 73)
INSERT INTO Customer (CustomerID, Phone, Email) VALUES (74 ,'+48-123-470-965' , 'olga.bozko@outlook.com')
INSERT INTO Individual (FirstName, LastName, CustomerID) VALUES ('Olga' , 'Bożko' , 74)
INSERT INTO Customer (CustomerID, Phone, Email) VALUES (75 ,'+48-123-459-936' , 'jakub.kolomy@outlook.com')
INSERT INTO Individual (FirstName, LastName, CustomerID) VALUES ('Jakub' , 'Kołomyjski' , 75)
INSERT INTO Customer (CustomerID, Phone, Email) VALUES (76 ,'+48-123-462-036' , 'dawid.wolosz@gmail.com')
INSERT INTO Individual (FirstName, LastName, CustomerID) VALUES ('Dawid' , 'Wołoszyn' , 76)
INSERT INTO Customer (CustomerID, Phone, Email) VALUES (77 ,'+48-123-463-865' , 'daria.czerni@outlook.com')
INSERT INTO Individual (FirstName, LastName, CustomerID) VALUES ('Daria' , 'Czernia' , 77)
INSERT INTO Customer (CustomerID, Phone, Email) VALUES (78 ,'+48-123-472-248' , 'micha.studni@mail.com')
INSERT INTO Individual (FirstName, LastName, CustomerID) VALUES ('Michał' , 'Studniarz' , 78)
INSERT INTO Customer (CustomerID, Phone, Email) VALUES (79 ,'+48-123-465-724' , 'maria.duras@outlook.com')
INSERT INTO Individual (FirstName, LastName, CustomerID) VALUES ('Maria' , 'Duras' , 79)
INSERT INTO Customer (CustomerID, Phone, Email) VALUES (80 ,'+48-123-464-097' , 'piotr.konder@outlook.com')
INSERT INTO Individual (FirstName, LastName, CustomerID) VALUES ('Piotr' , 'Konderak' , 80)
INSERT INTO Customer (CustomerID, Phone, Email) VALUES (81 ,'+48-123-466-606' , 'krzys.wandze@outlook.com')
INSERT INTO Individual (FirstName, LastName, CustomerID) VALUES ('Krzysztof' , 'Wandzel' , 81)
INSERT INTO Customer (CustomerID, Phone, Email) VALUES (82 ,'+48-123-467-859' , 'fryde.kuchar@gmail.com')
INSERT INTO Individual (FirstName, LastName, CustomerID) VALUES ('Fryderyk' , 'Kucharczak' , 82)
INSERT INTO Customer (CustomerID, Phone, Email) VALUES (83 ,'+48-123-470-647' , 'rados.fogiel@outlook.com')
INSERT INTO Individual (FirstName, LastName, CustomerID) VALUES ('Radosław' , 'Fogiel' , 83)
INSERT INTO Customer (CustomerID, Phone, Email) VALUES (84 ,'+48-123-457-510' , 'wacla.bronia@gmail.com')
INSERT INTO Individual (FirstName, LastName, CustomerID) VALUES ('Wacław' , 'Broniarczyk' , 84)
INSERT INTO Customer (CustomerID, Phone, Email) VALUES (85 ,'+48-123-463-821' , 'wiesl.laszcz@outlook.com')
INSERT INTO Individual (FirstName, LastName, CustomerID) VALUES ('Wiesław' , 'Laszczka' , 85)
INSERT INTO Customer (CustomerID, Phone, Email) VALUES (86 ,'+48-123-465-215' , 'norbe.kanare@live.com')
INSERT INTO Individual (FirstName, LastName, CustomerID) VALUES ('Norbert' , 'Kanarek' , 86)
INSERT INTO Customer (CustomerID, Phone, Email) VALUES (87 ,'+48-123-457-412' , 'anton.krasow@outlook.com')
INSERT INTO Individual (FirstName, LastName, CustomerID) VALUES ('Antoni' , 'Krasowski' , 87)
INSERT INTO Customer (CustomerID, Phone, Email) VALUES (88 ,'+48-123-469-285' , 'andrz.moczar@yahoo.com')
INSERT INTO Individual (FirstName, LastName, CustomerID) VALUES ('Andrzej' , 'Moczarski' , 88)
INSERT INTO Customer (CustomerID, Phone, Email) VALUES (89 ,'+48-123-457-294' , 'zenon.szalag@gmail.com')
INSERT INTO Individual (FirstName, LastName, CustomerID) VALUES ('Zenon' , 'Szałęga' , 89)
INSERT INTO Customer (CustomerID, Phone, Email) VALUES (90 ,'+48-123-460-635' , 'franc.grycma@gmail.com')
INSERT INTO Individual (FirstName, LastName, CustomerID) VALUES ('Franciszek' , 'Grycman' , 90)
INSERT INTO Customer (CustomerID, Phone, Email) VALUES (91 ,'+48-123-457-965' , 'boles.kadrac@gmail.com')
INSERT INTO Individual (FirstName, LastName, CustomerID) VALUES ('Bolesław' , 'Kędracki' , 91)
INSERT INTO Customer (CustomerID, Phone, Email) VALUES (92 ,'+48-123-458-685' , 'wacla.gumulk@gmail.com')
INSERT INTO Individual (FirstName, LastName, CustomerID) VALUES ('Wacław' , 'Gumułka' , 92)
INSERT INTO Customer (CustomerID, Phone, Email) VALUES (93 ,'+48-123-467-557' , 'grzeg.bielen@outlook.com')
INSERT INTO Individual (FirstName, LastName, CustomerID) VALUES ('Grzegorz' , 'Bieleń' , 93)
INSERT INTO Customer (CustomerID, Phone, Email) VALUES (94 ,'+48-123-460-886' , 'franc.wyjadl@outlook.com')
INSERT INTO Individual (FirstName, LastName, CustomerID) VALUES ('Franciszek' , 'Wyjadłowski' , 94)
INSERT INTO Customer (CustomerID, Phone, Email) VALUES (95 ,'+48-123-462-188' , 'aleks.obliza@outlook.com')
INSERT INTO Individual (FirstName, LastName, CustomerID) VALUES ('Aleksandra' , 'Oblizajek' , 95)
INSERT INTO Customer (CustomerID, Phone, Email) VALUES (96 ,'+48-123-470-290' , 'nikod.prasal@outlook.com')
INSERT INTO Individual (FirstName, LastName, CustomerID) VALUES ('Nikodem' , 'Prasał' , 96)
INSERT INTO Customer (CustomerID, Phone, Email) VALUES (97 ,'+48-123-458-050' , 'wikto.gurbis@gmail.com')
INSERT INTO Individual (FirstName, LastName, CustomerID) VALUES ('Wiktor' , 'Gurbisz' , 97)
INSERT INTO Customer (CustomerID, Phone, Email) VALUES (98 ,'+48-123-464-081' , 'ignac.salak@outlook.com')
INSERT INTO Individual (FirstName, LastName, CustomerID) VALUES ('Ignacy' , 'Salak' , 98)
INSERT INTO Customer (CustomerID, Phone, Email) VALUES (99 ,'+48-123-459-625' , 'franc.gnys@gmail.com')
INSERT INTO Individual (FirstName, LastName, CustomerID) VALUES ('Franciszek' , 'Gnyś' , 99)
INSERT INTO Customer (CustomerID, Phone, Email) VALUES (100 ,'+48-123-457-402' , 'zdzis.felusi@gmail.com')
INSERT INTO Individual (FirstName, LastName, CustomerID) VALUES ('Zdzisław' , 'Felusiak' , 100)
INSERT INTO Customer (CustomerID, Phone, Email) VALUES (101 ,'+48-123-460-430' , 'marci.kurpie@gmail.com')
INSERT INTO Individual (FirstName, LastName, CustomerID) VALUES ('Marcin' , 'Kurpierz' , 101)
INSERT INTO Customer (CustomerID, Phone, Email) VALUES (102 ,'+48-123-470-145' , 'pawel.hyjek@live.com')
INSERT INTO Individual (FirstName, LastName, CustomerID) VALUES ('Paweł' , 'Hyjek' , 102)
INSERT INTO Customer (CustomerID, Phone, Email) VALUES (103 ,'+48-123-466-211' , 'damia.surmia@outlook.com')
INSERT INTO Individual (FirstName, LastName, CustomerID) VALUES ('Damian' , 'Surmiak' , 103)
INSERT INTO Customer (CustomerID, Phone, Email) VALUES (104 ,'+48-123-466-287' , 'kryst.dzieli@live.com')
INSERT INTO Individual (FirstName, LastName, CustomerID) VALUES ('Krystyna' , 'Dzielińska' , 104)
INSERT INTO Customer (CustomerID, Phone, Email) VALUES (105 ,'+48-123-467-950' , 'monik.pastus@live.com')
INSERT INTO Individual (FirstName, LastName, CustomerID) VALUES ('Monika' , 'Pastuszka' , 105)
INSERT INTO Customer (CustomerID, Phone, Email) VALUES (106 ,'+48-123-470-630' , 'marci.szczot@yahoo.com')
INSERT INTO Individual (FirstName, LastName, CustomerID) VALUES ('Marcin' , 'Szczot' , 106)
INSERT INTO Customer (CustomerID, Phone, Email) VALUES (107 ,'+48-123-458-969' , 'karol.babule@gmail.com')
INSERT INTO Individual (FirstName, LastName, CustomerID) VALUES ('Karolina' , 'Babulewicz' , 107)
INSERT INTO Customer (CustomerID, Phone, Email) VALUES (108 ,'+48-123-466-142' , 'malgo.chmiel@yahoo.com')
INSERT INTO Individual (FirstName, LastName, CustomerID) VALUES ('Małgorzata' , 'Chmielarczyk' , 108)
INSERT INTO Customer (CustomerID, Phone, Email) VALUES (109 ,'+48-123-465-899' , 'eryk.sus@outlook.com')
INSERT INTO Individual (FirstName, LastName, CustomerID) VALUES ('Eryk' , 'Sus' , 109)
INSERT INTO Customer (CustomerID, Phone, Email) VALUES (110 ,'+48-123-467-011' , 'micha.caban@gmail.com')
INSERT INTO Individual (FirstName, LastName, CustomerID) VALUES ('Michał' , 'Caban' , 110)
INSERT INTO Customer (CustomerID, Phone, Email) VALUES (111 ,'+48-123-465-322' , 'eryk.brzosto@outlook.com')
INSERT INTO Individual (FirstName, LastName, CustomerID) VALUES ('Eryk' , 'Brzostowicz' , 111)
INSERT INTO Customer (CustomerID, Phone, Email) VALUES (112 ,'+48-123-460-309' , 'jerzy.trochi@outlook.com')
INSERT INTO Individual (FirstName, LastName, CustomerID) VALUES ('Jerzy' , 'Trochimowicz' , 112)
INSERT INTO Customer (CustomerID, Phone, Email) VALUES (113 ,'+48-123-463-415' , 'franc.tosik@yahoo.com')
INSERT INTO Individual (FirstName, LastName, CustomerID) VALUES ('Franciszek' , 'Tosik' , 113)
INSERT INTO Customer (CustomerID, Phone, Email) VALUES (114 ,'+48-123-458-862' , 'jakub.plucie@gmail.com')
INSERT INTO Individual (FirstName, LastName, CustomerID) VALUES ('Jakub' , 'Płucienniczak' , 114)
INSERT INTO Customer (CustomerID, Phone, Email) VALUES (115 ,'+48-123-466-663' , 'malgo.gozdek@outlook.com')
INSERT INTO Individual (FirstName, LastName, CustomerID) VALUES ('Małgorzata' , 'Gozdek' , 115)
INSERT INTO Customer (CustomerID, Phone, Email) VALUES (116 ,'+48-123-471-705' , 'halin.modras@yahoo.com')
INSERT INTO Individual (FirstName, LastName, CustomerID) VALUES ('Halina' , 'Modras' , 116)
INSERT INTO Customer (CustomerID, Phone, Email) VALUES (117 ,'+48-123-466-347' , 'cezar.ciota@yahoo.com')
INSERT INTO Individual (FirstName, LastName, CustomerID) VALUES ('Cezary' , 'Ciota' , 117)
INSERT INTO Customer (CustomerID, Phone, Email) VALUES (118 ,'+48-123-465-536' , 'lukas.mis@gmail.com')
INSERT INTO Individual (FirstName, LastName, CustomerID) VALUES ('Łukasz' , 'Miś' , 118)
INSERT INTO Customer (CustomerID, Phone, Email) VALUES (119 ,'+48-123-459-614' , 'zenon.zerebi@outlook.com')
INSERT INTO Individual (FirstName, LastName, CustomerID) VALUES ('Zenon' , 'Żerebiec' , 119)
INSERT INTO Customer (CustomerID, Phone, Email) VALUES (120 ,'+48-123-459-830' , 'franc.juniew@gmail.com')
INSERT INTO Individual (FirstName, LastName, CustomerID) VALUES ('Franciszek' , 'Juniewicz' , 120)
INSERT INTO Customer (CustomerID, Phone, Email) VALUES (121 ,'+48-123-470-532' , 'cezar.slawsk@outlook.com')
INSERT INTO Individual (FirstName, LastName, CustomerID) VALUES ('Cezary' , 'Sławski' , 121)
INSERT INTO Customer (CustomerID, Phone, Email) VALUES (122 ,'+48-123-468-671' , 'ignac.piejak@gmail.com')
INSERT INTO Individual (FirstName, LastName, CustomerID) VALUES ('Ignacy' , 'Piejak' , 122)
INSERT INTO Customer (CustomerID, Phone, Email) VALUES (123 ,'+48-123-468-315' , 'malgo.stecka@outlook.com')
INSERT INTO Individual (FirstName, LastName, CustomerID) VALUES ('Małgorzata' , 'Stecka' , 123)
INSERT INTO Customer (CustomerID, Phone, Email) VALUES (124 ,'+48-123-467-407' , 'szymo.biencz@yahoo.com')
INSERT INTO Individual (FirstName, LastName, CustomerID) VALUES ('Szymon' , 'Bieńczyk' , 124)
INSERT INTO Customer (CustomerID, Phone, Email) VALUES (125 ,'+48-123-465-045' , 'marek.palonk@outlook.com')
INSERT INTO Individual (FirstName, LastName, CustomerID) VALUES ('Marek' , 'Palonka' , 125)
INSERT INTO Customer (CustomerID, Phone, Email) VALUES (126 ,'+48-123-463-216' , 'jan.wagielew@outlook.com')
INSERT INTO Individual (FirstName, LastName, CustomerID) VALUES ('Jan' , 'Węgielewski' , 126)
INSERT INTO Customer (CustomerID, Phone, Email) VALUES (127 ,'+48-123-466-278' , 'filip.terela@outlook.com')
INSERT INTO Individual (FirstName, LastName, CustomerID) VALUES ('Filip' , 'Terelak' , 127)
INSERT INTO Customer (CustomerID, Phone, Email) VALUES (128 ,'+48-123-468-637' , 'pawel.majcza@gmail.com')
INSERT INTO Individual (FirstName, LastName, CustomerID) VALUES ('Paweł' , 'Majczak' , 128)
INSERT INTO Customer (CustomerID, Phone, Email) VALUES (129 ,'+48-123-457-832' , 'jakub.majrow@gmail.com')
INSERT INTO Individual (FirstName, LastName, CustomerID) VALUES ('Jakub' , 'Majrowski' , 129)
INSERT INTO Customer (CustomerID, Phone, Email) VALUES (130 ,'+48-123-467-259' , 'fryde.kubals@yahoo.com')
INSERT INTO Individual (FirstName, LastName, CustomerID) VALUES ('Fryderyk' , 'Kubalski' , 130)
INSERT INTO Customer (CustomerID, Phone, Email) VALUES (131 ,'+48-123-465-520' , 'stani.krysty@gmail.com')
INSERT INTO Individual (FirstName, LastName, CustomerID) VALUES ('Stanisław' , 'Krystyniak' , 131)
INSERT INTO Customer (CustomerID, Phone, Email) VALUES (132 ,'+48-123-471-221' , 'eryk.boszczy@live.com')
INSERT INTO Individual (FirstName, LastName, CustomerID) VALUES ('Eryk' , 'Boszczyk' , 132)
INSERT INTO Customer (CustomerID, Phone, Email) VALUES (133 ,'+48-123-471-603' , 'eugen.wojciu@yahoo.com')
INSERT INTO Individual (FirstName, LastName, CustomerID) VALUES ('Eugeniusz' , 'Wojciuk' , 133)
INSERT INTO Customer (CustomerID, Phone, Email) VALUES (134 ,'+48-123-468-877' , 'hanna.tobore@outlook.com')
INSERT INTO Individual (FirstName, LastName, CustomerID) VALUES ('Hanna' , 'Toborek' , 134)
INSERT INTO Customer (CustomerID, Phone, Email) VALUES (135 ,'+48-123-462-657' , 'andrz.zielon@outlook.com')
INSERT INTO Individual (FirstName, LastName, CustomerID) VALUES ('Andrzej' , 'Zielony' , 135)
INSERT INTO Customer (CustomerID, Phone, Email) VALUES (136 ,'+48-123-471-451' , 'zdzis.procaj@live.com')
INSERT INTO Individual (FirstName, LastName, CustomerID) VALUES ('Zdzisław' , 'Procajło' , 136)
INSERT INTO Customer (CustomerID, Phone, Email) VALUES (137 ,'+48-123-466-077' , 'rados.osypiu@gmail.com')
INSERT INTO Individual (FirstName, LastName, CustomerID) VALUES ('Radosław' , 'Osypiuk' , 137)
INSERT INTO Customer (CustomerID, Phone, Email) VALUES (138 ,'+48-123-458-870' , 'jozef.zielin@outlook.com')
INSERT INTO Individual (FirstName, LastName, CustomerID) VALUES ('Józef' , 'Zieliński' , 138)
INSERT INTO Customer (CustomerID, Phone, Email) VALUES (139 ,'+48-123-470-700' , 'krzys.maslyk@gmail.com')
INSERT INTO Individual (FirstName, LastName, CustomerID) VALUES ('Krzysztof' , 'Masłyk' , 139)
INSERT INTO Customer (CustomerID, Phone, Email) VALUES (140 ,'+48-123-464-179' , 'rysza.laszki@gmail.com')
INSERT INTO Individual (FirstName, LastName, CustomerID) VALUES ('Ryszard' , 'Laszkiewicz' , 140)
INSERT INTO Customer (CustomerID, Phone, Email) VALUES (141 ,'+48-123-462-050' , 'damia.padias@live.com')
INSERT INTO Individual (FirstName, LastName, CustomerID) VALUES ('Damian' , 'Padiasek' , 141)
INSERT INTO Customer (CustomerID, Phone, Email) VALUES (142 ,'+48-123-465-802' , 'henry.lenz@gmail.com')
INSERT INTO Individual (FirstName, LastName, CustomerID) VALUES ('Henryk' , 'Lenz' , 142)
INSERT INTO Customer (CustomerID, Phone, Email) VALUES (143 ,'+48-123-468-507' , 'andrz.kajmow@gmail.com')
INSERT INTO Individual (FirstName, LastName, CustomerID) VALUES ('Andrzej' , 'Kajmowicz' , 143)
INSERT INTO Customer (CustomerID, Phone, Email) VALUES (144 ,'+48-123-466-220' , 'zdzis.kruszy@gmail.com')
INSERT INTO Individual (FirstName, LastName, CustomerID) VALUES ('Zdzisław' , 'Kruszyna' , 144)
INSERT INTO Customer (CustomerID, Phone, Email) VALUES (145 ,'+48-123-467-360' , 'aleks.lozins@live.com')
INSERT INTO Individual (FirstName, LastName, CustomerID) VALUES ('Aleksandra' , 'Łozińska' , 145)
INSERT INTO Customer (CustomerID, Phone, Email) VALUES (146 ,'+48-123-460-880' , 'wikto.polcyn@outlook.com')
INSERT INTO Individual (FirstName, LastName, CustomerID) VALUES ('Wiktor' , 'Polcyn' , 146)
INSERT INTO Customer (CustomerID, Phone, Email) VALUES (147 ,'+48-123-470-803' , 'wikto.golosz@inbox.com')
INSERT INTO Individual (FirstName, LastName, CustomerID) VALUES ('Wiktor' , 'Gołosz' , 147)
INSERT INTO Customer (CustomerID, Phone, Email) VALUES (148 ,'+48-123-462-815' , 'wiesl.mrugal@outlook.com')
INSERT INTO Individual (FirstName, LastName, CustomerID) VALUES ('Wiesław' , 'Mrugała' , 148)
INSERT INTO Customer (CustomerID, Phone, Email) VALUES (149 ,'+48-123-470-452' , 'marci.lubien@live.com')
INSERT INTO Individual (FirstName, LastName, CustomerID) VALUES ('Marcin' , 'Lubieniecki' , 149)
INSERT INTO Customer (CustomerID, Phone, Email) VALUES (150 ,'+48-123-468-011' , 'micha.kyziol@live.com')
INSERT INTO Individual (FirstName, LastName, CustomerID) VALUES ('Michał' , 'Kyzioł' , 150)
INSERT INTO [dbo].[Customer] (CustomerID, Phone, Email) VALUES (151 ,'+48-456-133-052' , 'thefarm51g@gmail.com')
INSERT INTO [dbo].[Company] (CompanyName, CustomerID) VALUES ('The Farm 51 Group' , 151 )
INSERT INTO [dbo].[Customer] (CustomerID, Phone, Email) VALUES (152 ,'+48-456-132-933' , 'skksystemy@gmail.com')
INSERT INTO [dbo].[Company] (CompanyName, CustomerID) VALUES ('SKK - Systemy Kodów Kreskowych' , 152 )
INSERT INTO [dbo].[Customer] (CustomerID, Phone, Email) VALUES (153 ,'+48-456-133-081' , 'reset2@gmail.com')
INSERT INTO [dbo].[Company] (CompanyName, CustomerID) VALUES ('Reset2' , 153 )
INSERT INTO [dbo].[Customer] (CustomerID, Phone, Email) VALUES (154 ,'+48-456-132-928' , 'vulcan@gmail.com')
INSERT INTO [dbo].[Company] (CompanyName, CustomerID) VALUES ('VULCAN' , 154 )
INSERT INTO [dbo].[Customer] (CustomerID, Phone, Email) VALUES (155 ,'+48-456-133-009' , 'compendium@gmail.com')
INSERT INTO [dbo].[Company] (CompanyName, CustomerID) VALUES ('Compendium Centrum Edukacyjne' , 155 )
INSERT INTO [dbo].[Customer] (CustomerID, Phone, Email) VALUES (156 ,'+48-456-133-026' , 'quantumsof@gmail.com')
INSERT INTO [dbo].[Company] (CompanyName, CustomerID) VALUES ('Quantum Software' , 156 )
INSERT INTO [dbo].[Customer] (CustomerID, Phone, Email) VALUES (157 ,'+48-456-133-044' , 'tekten@gmail.com')
INSERT INTO [dbo].[Company] (CompanyName, CustomerID) VALUES ('tekten' , 157 )
INSERT INTO [dbo].[Customer] (CustomerID, Phone, Email) VALUES (158 ,'+48-456-133-010' , 'bmm@gmail.com')
INSERT INTO [dbo].[Company] (CompanyName, CustomerID) VALUES ('BMM' , 158 )
INSERT INTO [dbo].[Customer] (CustomerID, Phone, Email) VALUES (159 ,'+48-456-133-049' , 'atabajtroi@gmail.com')
INSERT INTO [dbo].[Company] (CompanyName, CustomerID) VALUES ('Atabajt Roik, Słowik, Mazurkiewicz' , 159 )
INSERT INTO [dbo].[Customer] (CustomerID, Phone, Email) VALUES (160 ,'+48-456-133-004' , 'ttscompany@gmail.com')
INSERT INTO [dbo].[Company] (CompanyName, CustomerID) VALUES ('TTS Company' , 160 )
INSERT INTO [dbo].[Customer] (CustomerID, Phone, Email) VALUES (161 ,'+48-456-132-810' , 'microsoft@gmail.com')
INSERT INTO [dbo].[Company] (CompanyName, CustomerID) VALUES ('Microsoft' , 161 )
INSERT INTO [dbo].[Customer] (CustomerID, Phone, Email) VALUES (162 ,'+48-456-132-996' , 'cloudtechn@gmail.com')
INSERT INTO [dbo].[Company] (CompanyName, CustomerID) VALUES ('Cloud Technologies' , 162 )
INSERT INTO [dbo].[Customer] (CustomerID, Phone, Email) VALUES (163 ,'+48-456-133-037' , 'netland@gmail.com')
INSERT INTO [dbo].[Company] (CompanyName, CustomerID) VALUES ('NetLand' , 163 )
INSERT INTO [dbo].[Customer] (CustomerID, Phone, Email) VALUES (164 ,'+48-456-133-056' , 'eqsystem@gmail.com')
INSERT INTO [dbo].[Company] (CompanyName, CustomerID) VALUES ('EQ System' , 164 )
INSERT INTO [dbo].[Customer] (CustomerID, Phone, Email) VALUES (165 ,'+48-456-132-911' , 'simplesa@gmail.com')
INSERT INTO [dbo].[Company] (CompanyName, CustomerID) VALUES ('SIMPLE SA' , 165 )
INSERT INTO [dbo].[Customer] (CustomerID, Phone, Email) VALUES (166 ,'+48-456-133-087' , 'osecspzoo@gmail.com')
INSERT INTO [dbo].[Company] (CompanyName, CustomerID) VALUES ('OSEC Sp. z o.o.' , 166 )
INSERT INTO [dbo].[Customer] (CustomerID, Phone, Email) VALUES (167 ,'+48-456-133-072' , 'ravnet@gmail.com')
INSERT INTO [dbo].[Company] (CompanyName, CustomerID) VALUES ('Ravnet' , 167 )
INSERT INTO [dbo].[Customer] (CustomerID, Phone, Email) VALUES (168 ,'+48-456-133-098' , 'syndatis@gmail.com')
INSERT INTO [dbo].[Company] (CompanyName, CustomerID) VALUES ('Syndatis' , 168 )
INSERT INTO [dbo].[Customer] (CustomerID, Phone, Email) VALUES (169 ,'+48-456-132-944' , 'outbox@gmail.com')
INSERT INTO [dbo].[Company] (CompanyName, CustomerID) VALUES ('Outbox' , 169 )
INSERT INTO [dbo].[Customer] (CustomerID, Phone, Email) VALUES (170 ,'+48-456-132-902' , 'proximus@gmail.com')
INSERT INTO [dbo].[Company] (CompanyName, CustomerID) VALUES ('Proximus' , 170 )
INSERT INTO [dbo].[Customer] (CustomerID, Phone, Email) VALUES (171 ,'+48-456-132-917' , 'pretorspzo@gmail.com')
INSERT INTO [dbo].[Company] (CompanyName, CustomerID) VALUES ('PRETOR sp. z o.o.' , 171 )
INSERT INTO [dbo].[Customer] (CustomerID, Phone, Email) VALUES (172 ,'+48-456-133-065' , 'alfavox@gmail.com')
INSERT INTO [dbo].[Company] (CompanyName, CustomerID) VALUES ('Alfavox' , 172 )
INSERT INTO [dbo].[Customer] (CustomerID, Phone, Email) VALUES (173 ,'+48-456-132-912' , 'biuroproje@gmail.com')
INSERT INTO [dbo].[Company] (CompanyName, CustomerID) VALUES ('Biuro Projektowania Systemów Cyfrowych' , 173 )
INSERT INTO [dbo].[Customer] (CustomerID, Phone, Email) VALUES (174 ,'+48-456-132-958' , 'kontelspol@gmail.com')
INSERT INTO [dbo].[Company] (CompanyName, CustomerID) VALUES ('KONTEL Spółka z ograniczoną odpowiedzialnością Sp.k.' , 174 )
INSERT INTO [dbo].[Customer] (CustomerID, Phone, Email) VALUES (175 ,'+48-456-132-847' , 'xeroxpolsk@gmail.com')
INSERT INTO [dbo].[Company] (CompanyName, CustomerID) VALUES ('Xerox Polska' , 175 )
INSERT INTO [dbo].[Customer] (CustomerID, Phone, Email) VALUES (176 ,'+48-456-132-948' , 'pentacomps@gmail.com')
INSERT INTO [dbo].[Company] (CompanyName, CustomerID) VALUES ('Pentacomp Systemy Informatyczne' , 176 )
INSERT INTO [dbo].[Customer] (CustomerID, Phone, Email) VALUES (177 ,'+48-456-133-089' , 'espeosoftw@gmail.com')
INSERT INTO [dbo].[Company] (CompanyName, CustomerID) VALUES ('espeo software' , 177 )
INSERT INTO [dbo].[Customer] (CustomerID, Phone, Email) VALUES (178 ,'+48-456-132-963' , 'vsoft@gmail.com')
INSERT INTO [dbo].[Company] (CompanyName, CustomerID) VALUES ('VSoft' , 178 )
INSERT INTO [dbo].[Customer] (CustomerID, Phone, Email) VALUES (179 ,'+48-456-132-857' , 'tietopolan@gmail.com')
INSERT INTO [dbo].[Company] (CompanyName, CustomerID) VALUES ('Tieto Poland' , 179 )
INSERT INTO [dbo].[Customer] (CustomerID, Phone, Email) VALUES (180 ,'+48-456-132-862' , 'arcus@gmail.com')
INSERT INTO [dbo].[Company] (CompanyName, CustomerID) VALUES ('Arcus' , 180 )
INSERT INTO [dbo].[Customer] (CustomerID, Phone, Email) VALUES (181 ,'+48-456-132-886' , 'cgiinforma@gmail.com')
INSERT INTO [dbo].[Company] (CompanyName, CustomerID) VALUES ('CGI Information Systems and Management Consultants (Polska)' , 181 )
INSERT INTO [dbo].[Customer] (CustomerID, Phone, Email) VALUES (182 ,'+48-456-133-094' , 'enxoo@gmail.com')
INSERT INTO [dbo].[Company] (CompanyName, CustomerID) VALUES ('Enxoo' , 182 )
INSERT INTO [dbo].[Customer] (CustomerID, Phone, Email) VALUES (183 ,'+48-456-133-115' , 'norbsoft@gmail.com')
INSERT INTO [dbo].[Company] (CompanyName, CustomerID) VALUES ('Norbsoft' , 183 )
INSERT INTO [dbo].[Customer] (CustomerID, Phone, Email) VALUES (184 ,'+48-456-132-849' , 'emccompute@gmail.com')
INSERT INTO [dbo].[Company] (CompanyName, CustomerID) VALUES ('EMC Computer Systems Poland' , 184 )
INSERT INTO [dbo].[Customer] (CustomerID, Phone, Email) VALUES (185 ,'+48-456-132-889' , 'gtechpolan@gmail.com')
INSERT INTO [dbo].[Company] (CompanyName, CustomerID) VALUES ('GTECH Poland' , 185 )
INSERT INTO [dbo].[Customer] (CustomerID, Phone, Email) VALUES (186 ,'+48-456-132-919' , 'logonsa@gmail.com')
INSERT INTO [dbo].[Company] (CompanyName, CustomerID) VALUES ('Logon SA' , 186 )
INSERT INTO [dbo].[Customer] (CustomerID, Phone, Email) VALUES (187 ,'+48-456-132-873' , 'talex@gmail.com')
INSERT INTO [dbo].[Company] (CompanyName, CustomerID) VALUES ('Talex' , 187 )
INSERT INTO [dbo].[Customer] (CustomerID, Phone, Email) VALUES (188 ,'+48-456-133-039' , '7milowy@gmail.com')
INSERT INTO [dbo].[Company] (CompanyName, CustomerID) VALUES ('7milowy' , 188 )
INSERT INTO [dbo].[Customer] (CustomerID, Phone, Email) VALUES (189 ,'+48-456-132-978' , 'rekordsi@gmail.com')
INSERT INTO [dbo].[Company] (CompanyName, CustomerID) VALUES ('REKORD SI' , 189 )
INSERT INTO [dbo].[Customer] (CustomerID, Phone, Email) VALUES (190 ,'+48-456-132-859' , 's4e@gmail.com')
INSERT INTO [dbo].[Company] (CompanyName, CustomerID) VALUES ('S4E' , 190 )
INSERT INTO [dbo].[Customer] (CustomerID, Phone, Email) VALUES (191 ,'+48-456-132-846' , 'sadspzoo@gmail.com')
INSERT INTO [dbo].[Company] (CompanyName, CustomerID) VALUES ('SAD sp. z o.o.' , 191 )
INSERT INTO [dbo].[Customer] (CustomerID, Phone, Email) VALUES (192 ,'+48-456-132-809' , 'assecopola@gmail.com')
INSERT INTO [dbo].[Company] (CompanyName, CustomerID) VALUES ('Asseco Poland' , 192 )
INSERT INTO [dbo].[Customer] (CustomerID, Phone, Email) VALUES (193 ,'+48-456-133-088' , 'looksoft@gmail.com')
INSERT INTO [dbo].[Company] (CompanyName, CustomerID) VALUES ('Looksoft' , 193 )
INSERT INTO [dbo].[Customer] (CustomerID, Phone, Email) VALUES (194 ,'+48-456-132-992' , 'konwerga@gmail.com')
INSERT INTO [dbo].[Company] (CompanyName, CustomerID) VALUES ('Konwerga' , 194 )
INSERT INTO [dbo].[Customer] (CustomerID, Phone, Email) VALUES (195 ,'+48-456-132-993' , 'questdystr@gmail.com')
INSERT INTO [dbo].[Company] (CompanyName, CustomerID) VALUES ('Quest-Dystrybucja' , 195 )
INSERT INTO [dbo].[Customer] (CustomerID, Phone, Email) VALUES (196 ,'+48-456-132-869' , 'centruminf@gmail.com')
INSERT INTO [dbo].[Company] (CompanyName, CustomerID) VALUES ('Centrum Informatyki Zeto SA' , 196 )
INSERT INTO [dbo].[Customer] (CustomerID, Phone, Email) VALUES (197 ,'+48-456-132-871' , 'pkpinforma@gmail.com')
INSERT INTO [dbo].[Company] (CompanyName, CustomerID) VALUES ('PKP Informatyka' , 197 )
INSERT INTO [dbo].[Customer] (CustomerID, Phone, Email) VALUES (198 ,'+48-456-132-841' , 'tsystemspo@gmail.com')
INSERT INTO [dbo].[Company] (CompanyName, CustomerID) VALUES ('T-Systems Polska' , 198 )
INSERT INTO [dbo].[Customer] (CustomerID, Phone, Email) VALUES (199 ,'+48-456-132-964' , 'integrakom@gmail.com')
INSERT INTO [dbo].[Company] (CompanyName, CustomerID) VALUES ('IntegraKom sp. z o.o.' , 199 )
INSERT INTO [dbo].[Customer] (CustomerID, Phone, Email) VALUES (200 ,'+48-456-132-805' , 'lenovotech@gmail.com')
INSERT INTO [dbo].[Company] (CompanyName, CustomerID) VALUES ('Lenovo Technology Poland' , 200 )
INSERT INTO [dbo].[Customer] (CustomerID, Phone, Email) VALUES (201 ,'+48-456-132-907' , 'sevenet@gmail.com')
INSERT INTO [dbo].[Company] (CompanyName, CustomerID) VALUES ('Sevenet' , 201 )
INSERT INTO [dbo].[Customer] (CustomerID, Phone, Email) VALUES (202 ,'+48-456-133-030' , 'heuthesspz@gmail.com')
INSERT INTO [dbo].[Company] (CompanyName, CustomerID) VALUES ('HEUTHES Sp. z o.o.' , 202 )
INSERT INTO [dbo].[Customer] (CustomerID, Phone, Email) VALUES (203 ,'+48-456-133-084' , 'riscosoftw@gmail.com')
INSERT INTO [dbo].[Company] (CompanyName, CustomerID) VALUES ('Risco Software' , 203 )
INSERT INTO [dbo].[Customer] (CustomerID, Phone, Email) VALUES (204 ,'+48-456-132-832' , 'wincornixd@gmail.com')
INSERT INTO [dbo].[Company] (CompanyName, CustomerID) VALUES ('Wincor Nixdorf' , 204 )
INSERT INTO [dbo].[Customer] (CustomerID, Phone, Email) VALUES (205 ,'+48-456-132-947' , 'przedsiabi@gmail.com')
INSERT INTO [dbo].[Company] (CompanyName, CustomerID) VALUES ('Przedsiębiorstwo Informatyki ZETO Bydgoszcz SA' , 205 )
INSERT INTO [dbo].[Customer] (CustomerID, Phone, Email) VALUES (206 ,'+48-456-132-894' , 'vmware@gmail.com')
INSERT INTO [dbo].[Company] (CompanyName, CustomerID) VALUES ('VMware' , 206 )
INSERT INTO [dbo].[Customer] (CustomerID, Phone, Email) VALUES (207 ,'+48-456-132-881' , 'konceptspz@gmail.com')
INSERT INTO [dbo].[Company] (CompanyName, CustomerID) VALUES ('KONCEPT Sp. z o.o.' , 207 )
INSERT INTO [dbo].[Customer] (CustomerID, Phone, Email) VALUES (208 ,'+48-456-132-974' , 'insert@gmail.com')
INSERT INTO [dbo].[Company] (CompanyName, CustomerID) VALUES ('InsERT' , 208 )
INSERT INTO [dbo].[Customer] (CustomerID, Phone, Email) VALUES (209 ,'+48-456-132-833' , 'asbisplspz@gmail.com')
INSERT INTO [dbo].[Company] (CompanyName, CustomerID) VALUES ('ASBIS PL Sp. z o.o.' , 209 )
INSERT INTO [dbo].[Customer] (CustomerID, Phone, Email) VALUES (210 ,'+48-456-132-916' , 'softwaremi@gmail.com')
INSERT INTO [dbo].[Company] (CompanyName, CustomerID) VALUES ('Software Mind SA' , 210 )
INSERT INTO [dbo].[Customer] (CustomerID, Phone, Email) VALUES (211 ,'+48-456-133-054' , 'rbospzoo@gmail.com')
INSERT INTO [dbo].[Company] (CompanyName, CustomerID) VALUES ('RBO Sp. z o.o.' , 211 )
INSERT INTO [dbo].[Customer] (CustomerID, Phone, Email) VALUES (212 ,'+48-456-132-960' , 'innergosys@gmail.com')
INSERT INTO [dbo].[Company] (CompanyName, CustomerID) VALUES ('Innergo Systems' , 212 )
INSERT INTO [dbo].[Customer] (CustomerID, Phone, Email) VALUES (213 ,'+48-456-133-095' , 'consorg@gmail.com')
INSERT INTO [dbo].[Company] (CompanyName, CustomerID) VALUES ('CONSORG' , 213 )
INSERT INTO [dbo].[Customer] (CustomerID, Phone, Email) VALUES (214 ,'+48-456-132-959' , 'zakladelek@gmail.com')
INSERT INTO [dbo].[Company] (CompanyName, CustomerID) VALUES ('Zakład Elektronicznej Techniki Obliczeniowej Katowice' , 214 )
INSERT INTO [dbo].[Customer] (CustomerID, Phone, Email) VALUES (215 ,'+48-456-133-047' , 'esourcing@gmail.com')
INSERT INTO [dbo].[Company] (CompanyName, CustomerID) VALUES ('eSourcing' , 215 )
INSERT INTO [dbo].[Customer] (CustomerID, Phone, Email) VALUES (216 ,'+48-456-132-877' , 'cigamessa@gmail.com')
INSERT INTO [dbo].[Company] (CompanyName, CustomerID) VALUES ('CI Games SA' , 216 )
INSERT INTO [dbo].[Customer] (CustomerID, Phone, Email) VALUES (217 ,'+48-456-132-938' , 'blstream@gmail.com')
INSERT INTO [dbo].[Company] (CompanyName, CustomerID) VALUES ('BLStream' , 217 )
INSERT INTO [dbo].[Customer] (CustomerID, Phone, Email) VALUES (218 ,'+48-456-133-023' , 'eurotronic@gmail.com')
INSERT INTO [dbo].[Company] (CompanyName, CustomerID) VALUES ('Eurotronic' , 218 )
INSERT INTO [dbo].[Customer] (CustomerID, Phone, Email) VALUES (219 ,'+48-456-132-976' , 'cybercompo@gmail.com')
INSERT INTO [dbo].[Company] (CompanyName, CustomerID) VALUES ('Cybercom Poland' , 219 )
INSERT INTO [dbo].[Customer] (CustomerID, Phone, Email) VALUES (220 ,'+48-456-133-059' , 'proalphapo@gmail.com')
INSERT INTO [dbo].[Company] (CompanyName, CustomerID) VALUES ('proALPHA Polska' , 220 )
INSERT INTO [dbo].[Customer] (CustomerID, Phone, Email) VALUES (221 ,'+48-456-133-061' , 'softhis@gmail.com')
INSERT INTO [dbo].[Company] (CompanyName, CustomerID) VALUES ('Softhis' , 221 )
INSERT INTO [dbo].[Customer] (CustomerID, Phone, Email) VALUES (222 ,'+48-456-132-966' , 'eonetworks@gmail.com')
INSERT INTO [dbo].[Company] (CompanyName, CustomerID) VALUES ('eo Networks' , 222 )
INSERT INTO [dbo].[Customer] (CustomerID, Phone, Email) VALUES (223 ,'+48-456-132-903' , 'hicron@gmail.com')
INSERT INTO [dbo].[Company] (CompanyName, CustomerID) VALUES ('HICRON' , 223 )
INSERT INTO [dbo].[Customer] (CustomerID, Phone, Email) VALUES (224 ,'+48-456-133-018' , 'iai@gmail.com')
INSERT INTO [dbo].[Company] (CompanyName, CustomerID) VALUES ('IAI' , 224 )
INSERT INTO [dbo].[Customer] (CustomerID, Phone, Email) VALUES (225 ,'+48-456-132-874' , 'newindspzo@gmail.com')
INSERT INTO [dbo].[Company] (CompanyName, CustomerID) VALUES ('NEWIND sp. z o.o.' , 225 )
INSERT INTO [dbo].[Customer] (CustomerID, Phone, Email) VALUES (226 ,'+48-456-133-064' , 'ramserwis@gmail.com')
INSERT INTO [dbo].[Company] (CompanyName, CustomerID) VALUES ('RAM-SERWIS' , 226 )
INSERT INTO [dbo].[Customer] (CustomerID, Phone, Email) VALUES (227 ,'+48-456-132-950' , 'dlinkpolsk@gmail.com')
INSERT INTO [dbo].[Company] (CompanyName, CustomerID) VALUES ('D-Link (Polska)' , 227 )
INSERT INTO [dbo].[Customer] (CustomerID, Phone, Email) VALUES (228 ,'+48-456-132-997' , 'americansy@gmail.com')
INSERT INTO [dbo].[Company] (CompanyName, CustomerID) VALUES ('American Systems' , 228 )
INSERT INTO [dbo].[Customer] (CustomerID, Phone, Email) VALUES (229 ,'+48-456-132-801' , 'absa@gmail.com')
INSERT INTO [dbo].[Company] (CompanyName, CustomerID) VALUES ('AB SA' , 229 )
INSERT INTO [dbo].[Customer] (CustomerID, Phone, Email) VALUES (230 ,'+48-456-132-979' , 'guidewires@gmail.com')
INSERT INTO [dbo].[Company] (CompanyName, CustomerID) VALUES ('Guidewire Software Poland' , 230 )
INSERT INTO [dbo].[Customer] (CustomerID, Phone, Email) VALUES (231 ,'+48-456-132-931' , 'combidatap@gmail.com')
INSERT INTO [dbo].[Company] (CompanyName, CustomerID) VALUES ('COMBIDATA Poland' , 231 )
INSERT INTO [dbo].[Customer] (CustomerID, Phone, Email) VALUES (232 ,'+48-456-132-968' , 'itconnect@gmail.com')
INSERT INTO [dbo].[Company] (CompanyName, CustomerID) VALUES ('IT CONNECT' , 232 )
INSERT INTO [dbo].[Customer] (CustomerID, Phone, Email) VALUES (233 ,'+48-456-133-070' , 'cpuservice@gmail.com')
INSERT INTO [dbo].[Company] (CompanyName, CustomerID) VALUES ('CPU-Service sp. z o.o.' , 233 )
INSERT INTO [dbo].[Customer] (CustomerID, Phone, Email) VALUES (234 ,'+48-456-133-019' , 'veeamsoftw@gmail.com')
INSERT INTO [dbo].[Company] (CompanyName, CustomerID) VALUES ('Veeam Software' , 234 )
INSERT INTO [dbo].[Customer] (CustomerID, Phone, Email) VALUES (235 ,'+48-456-132-991' , 'systemyinf@gmail.com')
INSERT INTO [dbo].[Company] (CompanyName, CustomerID) VALUES ('Systemy Informatyczne Alma' , 235 )
INSERT INTO [dbo].[Customer] (CustomerID, Phone, Email) VALUES (236 ,'+48-456-132-824' , 'accenture@gmail.com')
INSERT INTO [dbo].[Company] (CompanyName, CustomerID) VALUES ('Accenture' , 236 )
INSERT INTO [dbo].[Customer] (CustomerID, Phone, Email) VALUES (237 ,'+48-456-132-870' , 'maxto@gmail.com')
INSERT INTO [dbo].[Company] (CompanyName, CustomerID) VALUES ('MAXTO' , 237 )
INSERT INTO [dbo].[Customer] (CustomerID, Phone, Email) VALUES (238 ,'+48-456-132-905' , 'necdisplay@gmail.com')
INSERT INTO [dbo].[Company] (CompanyName, CustomerID) VALUES ('NEC Display Solutions GmbH' , 238 )
INSERT INTO [dbo].[Customer] (CustomerID, Phone, Email) VALUES (239 ,'+48-456-132-982' , 'kotrak@gmail.com')
INSERT INTO [dbo].[Company] (CompanyName, CustomerID) VALUES ('Kotrak' , 239 )
INSERT INTO [dbo].[Customer] (CustomerID, Phone, Email) VALUES (240 ,'+48-456-133-001' , '7bullscom@gmail.com')
INSERT INTO [dbo].[Company] (CompanyName, CustomerID) VALUES ('7bulls.com' , 240 )
INSERT INTO [dbo].[Customer] (CustomerID, Phone, Email) VALUES (241 ,'+48-456-132-887' , 'centralnyo@gmail.com')
INSERT INTO [dbo].[Company] (CompanyName, CustomerID) VALUES ('Centralny Ośrodek Informatyki Górnictwa' , 241 )
INSERT INTO [dbo].[Customer] (CustomerID, Phone, Email) VALUES (242 ,'+48-456-133-021' , 'graffitier@gmail.com')
INSERT INTO [dbo].[Company] (CompanyName, CustomerID) VALUES ('Graffiti.ERP' , 242 )
INSERT INTO [dbo].[Customer] (CustomerID, Phone, Email) VALUES (243 ,'+48-456-133-042' , 'fabrityk2@gmail.com')
INSERT INTO [dbo].[Company] (CompanyName, CustomerID) VALUES ('FABRITY K2' , 243 )
INSERT INTO [dbo].[Customer] (CustomerID, Phone, Email) VALUES (244 ,'+48-456-132-834' , 'ericpolspz@gmail.com')
INSERT INTO [dbo].[Company] (CompanyName, CustomerID) VALUES ('Ericpol sp. z o.o.' , 244 )
INSERT INTO [dbo].[Customer] (CustomerID, Phone, Email) VALUES (245 ,'+48-456-132-825' , 'ciscosyste@gmail.com')
INSERT INTO [dbo].[Company] (CompanyName, CustomerID) VALUES ('Cisco Systems Poland' , 245 )
INSERT INTO [dbo].[Customer] (CustomerID, Phone, Email) VALUES (246 ,'+48-456-132-927' , 'axium@gmail.com')
INSERT INTO [dbo].[Company] (CompanyName, CustomerID) VALUES ('AXIUM' , 246 )
INSERT INTO [dbo].[Customer] (CustomerID, Phone, Email) VALUES (247 ,'+48-456-133-091' , 'mga@gmail.com')
INSERT INTO [dbo].[Company] (CompanyName, CustomerID) VALUES ('MGA' , 247 )
INSERT INTO [dbo].[Customer] (CustomerID, Phone, Email) VALUES (248 ,'+48-456-132-946' , 'unima2000s@gmail.com')
INSERT INTO [dbo].[Company] (CompanyName, CustomerID) VALUES ('Unima 2000 Systemy Teleinformatyczne' , 248 )
INSERT INTO [dbo].[Customer] (CustomerID, Phone, Email) VALUES (249 ,'+48-456-132-957' , 'aoc@gmail.com')
INSERT INTO [dbo].[Company] (CompanyName, CustomerID) VALUES ('AOC' , 249 )
INSERT INTO [dbo].[Customer] (CustomerID, Phone, Email) VALUES (250 ,'+48-456-133-085' , 'etobres@gmail.com')
INSERT INTO [dbo].[Company] (CompanyName, CustomerID) VALUES ('ETOB-RES' , 250 )
INSERT INTO [dbo].[Customer] (CustomerID, Phone, Email) VALUES (251 ,'+48-456-133-051' , 'pretius@gmail.com')
INSERT INTO [dbo].[Company] (CompanyName, CustomerID) VALUES ('Pretius' , 251 )
INSERT INTO [dbo].[Customer] (CustomerID, Phone, Email) VALUES (252 ,'+48-456-132-908' , 'dahliamati@gmail.com')
INSERT INTO [dbo].[Company] (CompanyName, CustomerID) VALUES ('DahliaMatic' , 252 )
INSERT INTO [dbo].[Customer] (CustomerID, Phone, Email) VALUES (253 ,'+48-456-133-096' , 'goldenberr@gmail.com')
INSERT INTO [dbo].[Company] (CompanyName, CustomerID) VALUES ('Goldenberry' , 253 )
INSERT INTO [dbo].[Customer] (CustomerID, Phone, Email) VALUES (254 ,'+48-456-132-925' , 'researchen@gmail.com')
INSERT INTO [dbo].[Company] (CompanyName, CustomerID) VALUES ('Research & Engineering Center Sp. z o.o.' , 254 )
INSERT INTO [dbo].[Customer] (CustomerID, Phone, Email) VALUES (255 ,'+48-456-133-025' , 'btcbusines@gmail.com')
INSERT INTO [dbo].[Company] (CompanyName, CustomerID) VALUES ('BTC Business Technology Consulting Sp. z o.o.' , 255 )
INSERT INTO [dbo].[Customer] (CustomerID, Phone, Email) VALUES (256 ,'+48-456-132-808' , 'incomsa@gmail.com')
INSERT INTO [dbo].[Company] (CompanyName, CustomerID) VALUES ('Incom SA' , 256 )
INSERT INTO [dbo].[Customer] (CustomerID, Phone, Email) VALUES (257 ,'+48-456-132-929' , 'impaq@gmail.com')
INSERT INTO [dbo].[Company] (CompanyName, CustomerID) VALUES ('IMPAQ' , 257 )
INSERT INTO [dbo].[Customer] (CustomerID, Phone, Email) VALUES (258 ,'+48-456-132-949' , 'bmcsoftwar@gmail.com')
INSERT INTO [dbo].[Company] (CompanyName, CustomerID) VALUES ('BMC Software' , 258 )
INSERT INTO [dbo].[Customer] (CustomerID, Phone, Email) VALUES (259 ,'+48-456-132-895' , 'adobesyste@gmail.com')
INSERT INTO [dbo].[Company] (CompanyName, CustomerID) VALUES ('Adobe Systems Polska' , 259 )
INSERT INTO [dbo].[Customer] (CustomerID, Phone, Email) VALUES (260 ,'+48-456-133-033' , 'businessma@gmail.com')
INSERT INTO [dbo].[Company] (CompanyName, CustomerID) VALUES ('Business Management Software' , 260 )
INSERT INTO [dbo].[Customer] (CustomerID, Phone, Email) VALUES (261 ,'+48-456-132-831' , 'rrcpoland@gmail.com')
INSERT INTO [dbo].[Company] (CompanyName, CustomerID) VALUES ('RRC Poland' , 261 )
INSERT INTO [dbo].[Customer] (CustomerID, Phone, Email) VALUES (262 ,'+48-456-132-984' , 'lsisoftwar@gmail.com')
INSERT INTO [dbo].[Company] (CompanyName, CustomerID) VALUES ('LSI Software' , 262 )
INSERT INTO [dbo].[Customer] (CustomerID, Phone, Email) VALUES (263 ,'+48-456-133-116' , 'grcadvisor@gmail.com')
INSERT INTO [dbo].[Company] (CompanyName, CustomerID) VALUES ('GRC Advisory' , 263 )
INSERT INTO [dbo].[Customer] (CustomerID, Phone, Email) VALUES (264 ,'+48-456-133-077' , 'f5networks@gmail.com')
INSERT INTO [dbo].[Company] (CompanyName, CustomerID) VALUES ('F5 Networks' , 264 )
INSERT INTO [dbo].[Customer] (CustomerID, Phone, Email) VALUES (265 ,'+48-456-132-853' , 'amdpolska@gmail.com')
INSERT INTO [dbo].[Company] (CompanyName, CustomerID) VALUES ('AMD Polska' , 265 )
INSERT INTO [dbo].[Customer] (CustomerID, Phone, Email) VALUES (266 ,'+48-456-132-977' , 'itboom@gmail.com')
INSERT INTO [dbo].[Company] (CompanyName, CustomerID) VALUES ('ITBoom' , 266 )
INSERT INTO [dbo].[Customer] (CustomerID, Phone, Email) VALUES (267 ,'+48-456-133-097' , 'fsecurespz@gmail.com')
INSERT INTO [dbo].[Company] (CompanyName, CustomerID) VALUES ('F-Secure sp. z o.o.' , 267 )
INSERT INTO [dbo].[Customer] (CustomerID, Phone, Email) VALUES (268 ,'+48-456-132-819' , 'bluemedia@gmail.com')
INSERT INTO [dbo].[Company] (CompanyName, CustomerID) VALUES ('Blue Media' , 268 )
INSERT INTO [dbo].[Customer] (CustomerID, Phone, Email) VALUES (269 ,'+48-456-133-090' , 'systemicsp@gmail.com')
INSERT INTO [dbo].[Company] (CompanyName, CustomerID) VALUES ('Systemics-PAB' , 269 )
INSERT INTO [dbo].[Customer] (CustomerID, Phone, Email) VALUES (270 ,'+48-456-133-073' , 'insolution@gmail.com')
INSERT INTO [dbo].[Company] (CompanyName, CustomerID) VALUES ('inSolutions s.c.' , 270 )
INSERT INTO [dbo].[Customer] (CustomerID, Phone, Email) VALUES (271 ,'+48-456-132-945' , 'engavespzo@gmail.com')
INSERT INTO [dbo].[Company] (CompanyName, CustomerID) VALUES ('Engave Sp. z o.o.' , 271 )
INSERT INTO [dbo].[Customer] (CustomerID, Phone, Email) VALUES (272 ,'+48-456-132-880' , 'cubeitg@gmail.com')
INSERT INTO [dbo].[Company] (CompanyName, CustomerID) VALUES ('CUBE.ITG' , 272 )
INSERT INTO [dbo].[Customer] (CustomerID, Phone, Email) VALUES (273 ,'+48-456-133-117' , 'voicelabsp@gmail.com')
INSERT INTO [dbo].[Company] (CompanyName, CustomerID) VALUES ('Voice Lab Sp. z o.o.' , 273 )
INSERT INTO [dbo].[Customer] (CustomerID, Phone, Email) VALUES (274 ,'+48-456-132-820' , 'qumak@gmail.com')
INSERT INTO [dbo].[Company] (CompanyName, CustomerID) VALUES ('Qumak' , 274 )
INSERT INTO [dbo].[Customer] (CustomerID, Phone, Email) VALUES (275 ,'+48-456-132-952' , 'autodesk@gmail.com')
INSERT INTO [dbo].[Company] (CompanyName, CustomerID) VALUES ('Autodesk' , 275 )
INSERT INTO [dbo].[Customer] (CustomerID, Phone, Email) VALUES (276 ,'+48-456-133-086' , 'odl@gmail.com')
INSERT INTO [dbo].[Company] (CompanyName, CustomerID) VALUES ('ODL' , 276 )
INSERT INTO [dbo].[Customer] (CustomerID, Phone, Email) VALUES (277 ,'+48-456-133-014' , 'gavdipolsk@gmail.com')
INSERT INTO [dbo].[Company] (CompanyName, CustomerID) VALUES ('GAVDI Polska' , 277 )
INSERT INTO [dbo].[Customer] (CustomerID, Phone, Email) VALUES (278 ,'+48-456-133-114' , 'solver@gmail.com')
INSERT INTO [dbo].[Company] (CompanyName, CustomerID) VALUES ('SOLVER' , 278 )
INSERT INTO [dbo].[Customer] (CustomerID, Phone, Email) VALUES (279 ,'+48-456-132-814' , 'veracomp@gmail.com')
INSERT INTO [dbo].[Company] (CompanyName, CustomerID) VALUES ('Veracomp' , 279 )
INSERT INTO [dbo].[Customer] (CustomerID, Phone, Email) VALUES (280 ,'+48-456-132-872' , 'luxoftpola@gmail.com')
INSERT INTO [dbo].[Company] (CompanyName, CustomerID) VALUES ('Luxoft Poland' , 280 )
INSERT INTO [dbo].[Customer] (CustomerID, Phone, Email) VALUES (281 ,'+48-456-133-050' , 'consdata@gmail.com')
INSERT INTO [dbo].[Company] (CompanyName, CustomerID) VALUES ('Consdata' , 281 )
INSERT INTO [dbo].[Customer] (CustomerID, Phone, Email) VALUES (282 ,'+48-456-133-046' , 'valuetank@gmail.com')
INSERT INTO [dbo].[Company] (CompanyName, CustomerID) VALUES ('ValueTank' , 282 )
INSERT INTO [dbo].[Customer] (CustomerID, Phone, Email) VALUES (283 ,'+48-456-132-914' , 'youngdigit@gmail.com')
INSERT INTO [dbo].[Company] (CompanyName, CustomerID) VALUES ('Young Digital Planet' , 283 )
INSERT INTO [dbo].[Customer] (CustomerID, Phone, Email) VALUES (284 ,'+48-456-132-986' , 'ventuscomm@gmail.com')
INSERT INTO [dbo].[Company] (CompanyName, CustomerID) VALUES ('Ventus Communications' , 284 )
INSERT INTO [dbo].[Customer] (CustomerID, Phone, Email) VALUES (285 ,'+48-456-133-069' , 'consileonp@gmail.com')
INSERT INTO [dbo].[Company] (CompanyName, CustomerID) VALUES ('Consileon Polska' , 285 )
INSERT INTO [dbo].[Customer] (CustomerID, Phone, Email) VALUES (286 ,'+48-456-132-855' , 'stservices@gmail.com')
INSERT INTO [dbo].[Company] (CompanyName, CustomerID) VALUES ('S&T Services Polska' , 286 )
INSERT INTO [dbo].[Customer] (CustomerID, Phone, Email) VALUES (287 ,'+48-456-132-890' , 'sagespzoo@gmail.com')
INSERT INTO [dbo].[Company] (CompanyName, CustomerID) VALUES ('Sage sp. z o.o.' , 287 )
INSERT INTO [dbo].[Customer] (CustomerID, Phone, Email) VALUES (288 ,'+48-456-133-002' , 'apreel@gmail.com')
INSERT INTO [dbo].[Company] (CompanyName, CustomerID) VALUES ('apreel' , 288 )
INSERT INTO [dbo].[Customer] (CustomerID, Phone, Email) VALUES (289 ,'+48-456-133-008' , 'ctpartners@gmail.com')
INSERT INTO [dbo].[Company] (CompanyName, CustomerID) VALUES ('CTPartners' , 289 )
INSERT INTO [dbo].[Customer] (CustomerID, Phone, Email) VALUES (290 ,'+48-456-132-865' , 'infomexspz@gmail.com')
INSERT INTO [dbo].[Company] (CompanyName, CustomerID) VALUES ('Infomex Sp. z o.o.' , 290 )
INSERT INTO [dbo].[Customer] (CustomerID, Phone, Email) VALUES (291 ,'+48-456-132-965' , 'citrixsyst@gmail.com')
INSERT INTO [dbo].[Company] (CompanyName, CustomerID) VALUES ('Citrix Systems Poland' , 291 )
INSERT INTO [dbo].[Customer] (CustomerID, Phone, Email) VALUES (292 ,'+48-456-132-799' , 'abcdata@gmail.com')
INSERT INTO [dbo].[Company] (CompanyName, CustomerID) VALUES ('ABC Data' , 292 )
INSERT INTO [dbo].[Customer] (CustomerID, Phone, Email) VALUES (293 ,'+48-456-132-866' , 'comarchpol@gmail.com')
INSERT INTO [dbo].[Company] (CompanyName, CustomerID) VALUES ('Comarch Polska SA' , 293 )
INSERT INTO [dbo].[Customer] (CustomerID, Phone, Email) VALUES (294 ,'+48-456-132-864' , 'atenauslug@gmail.com')
INSERT INTO [dbo].[Company] (CompanyName, CustomerID) VALUES ('ATENA Usługi Informatyczne i Finansowe SA' , 294 )
INSERT INTO [dbo].[Customer] (CustomerID, Phone, Email) VALUES (295 ,'+48-456-132-839' , 'integrated@gmail.com')
INSERT INTO [dbo].[Company] (CompanyName, CustomerID) VALUES ('Integrated Solutions' , 295 )
INSERT INTO [dbo].[Customer] (CustomerID, Phone, Email) VALUES (296 ,'+48-456-133-032' , 'netwise@gmail.com')
INSERT INTO [dbo].[Company] (CompanyName, CustomerID) VALUES ('Netwise' , 296 )
INSERT INTO [dbo].[Customer] (CustomerID, Phone, Email) VALUES (297 ,'+48-456-132-884' , 'transition@gmail.com')
INSERT INTO [dbo].[Company] (CompanyName, CustomerID) VALUES ('Transition Technologies' , 297 )
INSERT INTO [dbo].[Customer] (CustomerID, Phone, Email) VALUES (298 ,'+48-456-132-934' , 'zetorzeszo@gmail.com')
INSERT INTO [dbo].[Company] (CompanyName, CustomerID) VALUES ('ZETO-RZESZÓW' , 298 )
INSERT INTO [dbo].[Customer] (CustomerID, Phone, Email) VALUES (299 ,'+48-456-132-898' , 'atmsa@gmail.com')
INSERT INTO [dbo].[Company] (CompanyName, CustomerID) VALUES ('ATM SA' , 299 )
INSERT INTO [dbo].[Customer] (CustomerID, Phone, Email) VALUES (300 ,'+48-456-132-999' , 'makolab@gmail.com')
INSERT INTO [dbo].[Company] (CompanyName, CustomerID) VALUES ('MakoLab' , 300 )
INSERT INTO [dbo].[Customer] (CustomerID, Phone, Email) VALUES (301 ,'+48-456-132-922' , 'checkpoint@gmail.com')
INSERT INTO [dbo].[Company] (CompanyName, CustomerID) VALUES ('Check Point Software Technologies (Poland)' , 301 )
INSERT INTO [dbo].[Customer] (CustomerID, Phone, Email) VALUES (302 ,'+48-456-132-813' , 'praxis@gmail.com')
INSERT INTO [dbo].[Company] (CompanyName, CustomerID) VALUES ('PRAXIS' , 302 )
INSERT INTO [dbo].[Customer] (CustomerID, Phone, Email) VALUES (303 ,'+48-456-133-057' , 'altab@gmail.com')
INSERT INTO [dbo].[Company] (CompanyName, CustomerID) VALUES ('ALTAB' , 303 )
INSERT INTO [dbo].[Customer] (CustomerID, Phone, Email) VALUES (304 ,'+48-456-132-885' , 'comtegra@gmail.com')
INSERT INTO [dbo].[Company] (CompanyName, CustomerID) VALUES ('Comtegra' , 304 )
INSERT INTO [dbo].[Customer] (CustomerID, Phone, Email) VALUES (305 ,'+48-456-133-100' , 'planetsoft@gmail.com')
INSERT INTO [dbo].[Company] (CompanyName, CustomerID) VALUES ('Planet Soft' , 305 )
INSERT INTO [dbo].[Customer] (CustomerID, Phone, Email) VALUES (306 ,'+48-456-132-856' , 'assecobusi@gmail.com')
INSERT INTO [dbo].[Company] (CompanyName, CustomerID) VALUES ('Asseco Business Solutions' , 306 )
INSERT INTO [dbo].[Customer] (CustomerID, Phone, Email) VALUES (307 ,'+48-456-132-818' , 'atospolska@gmail.com')
INSERT INTO [dbo].[Company] (CompanyName, CustomerID) VALUES ('Atos Polska' , 307 )
INSERT INTO [dbo].[Customer] (CustomerID, Phone, Email) VALUES (308 ,'+48-456-133-011' , 'sagratechn@gmail.com')
INSERT INTO [dbo].[Company] (CompanyName, CustomerID) VALUES ('Sagra Technology Sp. z o.o.' , 308 )
INSERT INTO [dbo].[Customer] (CustomerID, Phone, Email) VALUES (309 ,'+48-456-132-932' , 'itc@gmail.com')
INSERT INTO [dbo].[Company] (CompanyName, CustomerID) VALUES ('ITC' , 309 )
INSERT INTO [dbo].[Customer] (CustomerID, Phone, Email) VALUES (310 ,'+48-456-133-092' , 'compsoft@gmail.com')
INSERT INTO [dbo].[Company] (CompanyName, CustomerID) VALUES ('COMP Soft' , 310 )
INSERT INTO [dbo].[Customer] (CustomerID, Phone, Email) VALUES (311 ,'+48-456-132-845' , 'advatech@gmail.com')
INSERT INTO [dbo].[Company] (CompanyName, CustomerID) VALUES ('Advatech' , 311 )
INSERT INTO [dbo].[Customer] (CustomerID, Phone, Email) VALUES (312 ,'+48-456-133-029' , 'dsrspzoo@gmail.com')
INSERT INTO [dbo].[Company] (CompanyName, CustomerID) VALUES ('DSR Sp. z o.o.' , 312 )
INSERT INTO [dbo].[Customer] (CustomerID, Phone, Email) VALUES (313 ,'+48-456-133-020' , 'petrosoftp@gmail.com')
INSERT INTO [dbo].[Company] (CompanyName, CustomerID) VALUES ('Petrosoft.pl Technologie Informatyczne' , 313 )
INSERT INTO [dbo].[Customer] (CustomerID, Phone, Email) VALUES (314 ,'+48-456-132-901' , 'ey@gmail.com')
INSERT INTO [dbo].[Company] (CompanyName, CustomerID) VALUES ('EY' , 314 )
INSERT INTO [dbo].[Customer] (CustomerID, Phone, Email) VALUES (315 ,'+48-456-132-803' , 'samsungele@gmail.com')
INSERT INTO [dbo].[Company] (CompanyName, CustomerID) VALUES ('Samsung Electronics Polska' , 315 )
INSERT INTO [dbo].[Customer] (CustomerID, Phone, Email) VALUES (316 ,'+48-456-132-936' , 'esripolska@gmail.com')
INSERT INTO [dbo].[Company] (CompanyName, CustomerID) VALUES ('ESRI Polska' , 316 )
INSERT INTO [dbo].[Customer] (CustomerID, Phone, Email) VALUES (317 ,'+48-456-132-812' , 'ibmpolska@gmail.com')
INSERT INTO [dbo].[Company] (CompanyName, CustomerID) VALUES ('IBM Polska' , 317 )
INSERT INTO [dbo].[Customer] (CustomerID, Phone, Email) VALUES (318 ,'+48-456-132-943' , 'cdprojekts@gmail.com')
INSERT INTO [dbo].[Company] (CompanyName, CustomerID) VALUES ('CD PROJEKT SA' , 318 )
INSERT INTO [dbo].[Customer] (CustomerID, Phone, Email) VALUES (319 ,'+48-456-132-837' , 'compsa@gmail.com')
INSERT INTO [dbo].[Company] (CompanyName, CustomerID) VALUES ('Comp SA' , 319 )
INSERT INTO [dbo].[Customer] (CustomerID, Phone, Email) VALUES (320 ,'+48-456-133-045' , 'polsofteng@gmail.com')
INSERT INTO [dbo].[Company] (CompanyName, CustomerID) VALUES ('Polsoft Engineering' , 320 )
INSERT INTO [dbo].[Customer] (CustomerID, Phone, Email) VALUES (321 ,'+48-456-133-058' , 'oepdlabady@gmail.com')
INSERT INTO [dbo].[Company] (CompanyName, CustomerID) VALUES ('OEPD ŁABĘDY Sp. z o.o.' , 321 )
INSERT INTO [dbo].[Customer] (CustomerID, Phone, Email) VALUES (322 ,'+48-456-133-102' , 'sanmargart@gmail.com')
INSERT INTO [dbo].[Company] (CompanyName, CustomerID) VALUES ('Sanmargar Team' , 322 )
INSERT INTO [dbo].[Customer] (CustomerID, Phone, Email) VALUES (323 ,'+48-456-132-971' , 'hitachidat@gmail.com')
INSERT INTO [dbo].[Company] (CompanyName, CustomerID) VALUES ('Hitachi Data Systems (Polska) Sp. z o.o.' , 323 )
INSERT INTO [dbo].[Customer] (CustomerID, Phone, Email) VALUES (324 ,'+48-456-132-830' , 'capgeminip@gmail.com')
INSERT INTO [dbo].[Company] (CompanyName, CustomerID) VALUES ('Capgemini Polska' , 324 )
INSERT INTO [dbo].[Customer] (CustomerID, Phone, Email) VALUES (325 ,'+48-456-133-063' , 'lunarlogic@gmail.com')
INSERT INTO [dbo].[Company] (CompanyName, CustomerID) VALUES ('Lunar Logic Sp. z o.o.' , 325 )
INSERT INTO [dbo].[Customer] (CustomerID, Phone, Email) VALUES (326 ,'+48-456-133-053' , 'bloobertea@gmail.com')
INSERT INTO [dbo].[Company] (CompanyName, CustomerID) VALUES ('Bloober Team' , 326 )
INSERT INTO [dbo].[Customer] (CustomerID, Phone, Email) VALUES (327 ,'+48-456-132-844' , 'isource@gmail.com')
INSERT INTO [dbo].[Company] (CompanyName, CustomerID) VALUES ('iSource' , 327 )
INSERT INTO [dbo].[Customer] (CustomerID, Phone, Email) VALUES (328 ,'+48-456-132-861' , 'elzab@gmail.com')
INSERT INTO [dbo].[Company] (CompanyName, CustomerID) VALUES ('Elzab' , 328 )
INSERT INTO [dbo].[Customer] (CustomerID, Phone, Email) VALUES (329 ,'+48-456-132-904' , 'ifsindustr@gmail.com')
INSERT INTO [dbo].[Company] (CompanyName, CustomerID) VALUES ('IFS Industrial and Financial Systems Poland' , 329 )
INSERT INTO [dbo].[Customer] (CustomerID, Phone, Email) VALUES (330 ,'+48-456-132-937' , 'netologysp@gmail.com')
INSERT INTO [dbo].[Company] (CompanyName, CustomerID) VALUES ('net-o-logy Sp. z o.o.' , 330 )
INSERT INTO [dbo].[Customer] (CustomerID, Phone, Email) VALUES (331 ,'+48-456-132-930' , 'bonair@gmail.com')
INSERT INTO [dbo].[Company] (CompanyName, CustomerID) VALUES ('Bonair' , 331 )
INSERT INTO [dbo].[Customer] (CustomerID, Phone, Email) VALUES (332 ,'+48-456-133-036' , 'centrumsys@gmail.com')
INSERT INTO [dbo].[Company] (CompanyName, CustomerID) VALUES ('Centrum Systemów Komputerowych ZETO SA' , 332 )
INSERT INTO [dbo].[Customer] (CustomerID, Phone, Email) VALUES (333 ,'+48-456-132-951' , 'novellmicr@gmail.com')
INSERT INTO [dbo].[Company] (CompanyName, CustomerID) VALUES ('Novell (Micro Focus)' , 333 )
INSERT INTO [dbo].[Customer] (CustomerID, Phone, Email) VALUES (334 ,'+48-456-132-926' , 'netapppola@gmail.com')
INSERT INTO [dbo].[Company] (CompanyName, CustomerID) VALUES ('NetApp Poland' , 334 )
INSERT INTO [dbo].[Customer] (CustomerID, Phone, Email) VALUES (335 ,'+48-456-132-967' , 'q4net@gmail.com')
INSERT INTO [dbo].[Company] (CompanyName, CustomerID) VALUES ('Q4Net' , 335 )
INSERT INTO [dbo].[Customer] (CustomerID, Phone, Email) VALUES (336 ,'+48-456-133-107' , 'stanuschte@gmail.com')
INSERT INTO [dbo].[Company] (CompanyName, CustomerID) VALUES ('Stanusch Technologies' , 336 )
INSERT INTO [dbo].[Customer] (CustomerID, Phone, Email) VALUES (337 ,'+48-456-132-800' , 'actionsa@gmail.com')
INSERT INTO [dbo].[Company] (CompanyName, CustomerID) VALUES ('ACTION SA' , 337 )
INSERT INTO [dbo].[Customer] (CustomerID, Phone, Email) VALUES (338 ,'+48-456-132-954' , 'infoprojek@gmail.com')
INSERT INTO [dbo].[Company] (CompanyName, CustomerID) VALUES ('Info-Projekt IT Sp. z o.o.' , 338 )
INSERT INTO [dbo].[Customer] (CustomerID, Phone, Email) VALUES (339 ,'+48-456-132-858' , 'komputroni@outlook.com')
INSERT INTO [dbo].[Company] (CompanyName, CustomerID) VALUES ('Komputronik Biznes' , 339 )
INSERT INTO [dbo].[Customer] (CustomerID, Phone, Email) VALUES (340 ,'+48-456-132-854' , 'clico@gmail.com')
INSERT INTO [dbo].[Company] (CompanyName, CustomerID) VALUES ('Clico' , 340 )
INSERT INTO [dbo].[Customer] (CustomerID, Phone, Email) VALUES (341 ,'+48-456-132-843' , 'senetic@gmail.com')
INSERT INTO [dbo].[Company] (CompanyName, CustomerID) VALUES ('Senetic' , 341 )
INSERT INTO [dbo].[Customer] (CustomerID, Phone, Email) VALUES (342 ,'+48-456-132-821' , 'asuspolska@gmail.com')
INSERT INTO [dbo].[Company] (CompanyName, CustomerID) VALUES ('ASUS Polska' , 342 )
INSERT INTO [dbo].[Customer] (CustomerID, Phone, Email) VALUES (343 ,'+48-456-133-027' , 'softman@gmail.com')
INSERT INTO [dbo].[Company] (CompanyName, CustomerID) VALUES ('Softman' , 343 )
INSERT INTO [dbo].[Customer] (CustomerID, Phone, Email) VALUES (344 ,'+48-456-133-067' , 'dataconsul@gmail.com')
INSERT INTO [dbo].[Company] (CompanyName, CustomerID) VALUES ('DataConsult' , 344 )
INSERT INTO [dbo].[Customer] (CustomerID, Phone, Email) VALUES (345 ,'+48-456-133-068' , 'merinosoft@gmail.com')
INSERT INTO [dbo].[Company] (CompanyName, CustomerID) VALUES ('Merinosoft' , 345 )
INSERT INTO [dbo].[Customer] (CustomerID, Phone, Email) VALUES (346 ,'+48-456-132-983' , 'businesspa@gmail.com')
INSERT INTO [dbo].[Company] (CompanyName, CustomerID) VALUES ('Business Partners eXcellence Sp. z o.o.' , 346 )
INSERT INTO [dbo].[Customer] (CustomerID, Phone, Email) VALUES (347 ,'+48-456-132-826' , 'maxcompute@gmail.com')
INSERT INTO [dbo].[Company] (CompanyName, CustomerID) VALUES ('MAX Computers' , 347 )
INSERT INTO [dbo].[Customer] (CustomerID, Phone, Email) VALUES (348 ,'+48-456-132-807' , 'techdatapo@gmail.com')
INSERT INTO [dbo].[Company] (CompanyName, CustomerID) VALUES ('Tech Data Polska' , 348 )
INSERT INTO [dbo].[Customer] (CustomerID, Phone, Email) VALUES (349 ,'+48-456-132-924' , 'itworks@gmail.com')
INSERT INTO [dbo].[Company] (CompanyName, CustomerID) VALUES ('itWORKS' , 349 )
INSERT INTO [dbo].[Customer] (CustomerID, Phone, Email) VALUES (350 ,'+48-456-132-961' , 'cf@gmail.com')
INSERT INTO [dbo].[Company] (CompanyName, CustomerID) VALUES ('C&F' , 350 )
INSERT INTO [dbo].[Customer] (CustomerID, Phone, Email) VALUES (351 ,'+48-456-133-101' , 'komplus@gmail.com')
INSERT INTO [dbo].[Company] (CompanyName, CustomerID) VALUES ('KOMPLUS' , 351 )
INSERT INTO [dbo].[Customer] (CustomerID, Phone, Email) VALUES (352 ,'+48-456-133-035' , 'powermedia@gmail.com')
INSERT INTO [dbo].[Company] (CompanyName, CustomerID) VALUES ('Power Media' , 352 )
INSERT INTO [dbo].[Customer] (CustomerID, Phone, Email) VALUES (353 ,'+48-456-132-888' , 'bccbusines@gmail.com')
INSERT INTO [dbo].[Company] (CompanyName, CustomerID) VALUES ('BCC (Business Consulting Center)' , 353 )
INSERT INTO [dbo].[Customer] (CustomerID, Phone, Email) VALUES (354 ,'+48-456-133-062' , 'sentesyste@gmail.com')
INSERT INTO [dbo].[Company] (CompanyName, CustomerID) VALUES ('Sente Systemy Informatyczne' , 354 )
INSERT INTO [dbo].[Customer] (CustomerID, Phone, Email) VALUES (355 ,'+48-456-133-111' , 'bmscreativ@gmail.com')
INSERT INTO [dbo].[Company] (CompanyName, CustomerID) VALUES ('BMS Creative' , 355 )
INSERT INTO [dbo].[Customer] (CustomerID, Phone, Email) VALUES (356 ,'+48-456-132-804' , 'komputroni@gmail.com')
INSERT INTO [dbo].[Company] (CompanyName, CustomerID) VALUES ('Komputronik SA' , 356 )
INSERT INTO [dbo].[Customer] (CustomerID, Phone, Email) VALUES (357 ,'+48-456-133-038' , 'probitzuki@gmail.com')
INSERT INTO [dbo].[Company] (CompanyName, CustomerID) VALUES ('PROBIT ZUKiB W.Zawadzki' , 357 )
INSERT INTO [dbo].[Customer] (CustomerID, Phone, Email) VALUES (358 ,'+48-456-132-806' , 'pcfactory@gmail.com')
INSERT INTO [dbo].[Company] (CompanyName, CustomerID) VALUES ('PC Factory' , 358 )
INSERT INTO [dbo].[Customer] (CustomerID, Phone, Email) VALUES (359 ,'+48-456-132-956' , 'mcafeepola@gmail.com')
INSERT INTO [dbo].[Company] (CompanyName, CustomerID) VALUES ('McAfee (Poland)' , 359 )
INSERT INTO [dbo].[Customer] (CustomerID, Phone, Email) VALUES (360 ,'+48-456-132-816' , 'comarchsa@gmail.com')
INSERT INTO [dbo].[Company] (CompanyName, CustomerID) VALUES ('Comarch SA' , 360 )
INSERT INTO [dbo].[Customer] (CustomerID, Phone, Email) VALUES (361 ,'+48-456-133-003' , 'atendesoft@gmail.com')
INSERT INTO [dbo].[Company] (CompanyName, CustomerID) VALUES ('Atende Software' , 361 )
INSERT INTO [dbo].[Customer] (CustomerID, Phone, Email) VALUES (362 ,'+48-456-133-006' , 'zetotarnow@gmail.com')
INSERT INTO [dbo].[Company] (CompanyName, CustomerID) VALUES ('ZETO Tarnów' , 362 )
INSERT INTO [dbo].[Customer] (CustomerID, Phone, Email) VALUES (363 ,'+48-456-133-007' , 'komserwisp@gmail.com')
INSERT INTO [dbo].[Company] (CompanyName, CustomerID) VALUES ('Komserwis Przedsiębiorstwo Innowacyjno-Wdrożeniowe' , 363 )
INSERT INTO [dbo].[Customer] (CustomerID, Phone, Email) VALUES (364 ,'+48-456-132-935' , 'pgssoftwar@gmail.com')
INSERT INTO [dbo].[Company] (CompanyName, CustomerID) VALUES ('PGS SOFTWARE SA' , 364 )
INSERT INTO [dbo].[Customer] (CustomerID, Phone, Email) VALUES (365 ,'+48-456-133-000' , 'surflandsy@gmail.com')
INSERT INTO [dbo].[Company] (CompanyName, CustomerID) VALUES ('Surfland Systemy Komputerowe S.A.' , 365 )
INSERT INTO [dbo].[Customer] (CustomerID, Phone, Email) VALUES (366 ,'+48-456-133-024' , 'soneta@gmail.com')
INSERT INTO [dbo].[Company] (CompanyName, CustomerID) VALUES ('Soneta' , 366 )
INSERT INTO [dbo].[Customer] (CustomerID, Phone, Email) VALUES (367 ,'+48-456-132-878' , 'opteam@gmail.com')
INSERT INTO [dbo].[Company] (CompanyName, CustomerID) VALUES ('OPTeam' , 367 )
INSERT INTO [dbo].[Customer] (CustomerID, Phone, Email) VALUES (368 ,'+48-456-132-823' , 'sappolska@gmail.com')
INSERT INTO [dbo].[Company] (CompanyName, CustomerID) VALUES ('SAP Polska' , 368 )
INSERT INTO [dbo].[Customer] (CustomerID, Phone, Email) VALUES (369 ,'+48-456-132-988' , 'jcommerce@gmail.com')
INSERT INTO [dbo].[Company] (CompanyName, CustomerID) VALUES ('JCommerce' , 369 )
INSERT INTO [dbo].[Customer] (CustomerID, Phone, Email) VALUES (370 ,'+48-456-132-923' , 'altkom@gmail.com')
INSERT INTO [dbo].[Company] (CompanyName, CustomerID) VALUES ('Altkom' , 370 )
INSERT INTO [dbo].[Customer] (CustomerID, Phone, Email) VALUES (371 ,'+48-456-132-883' , 'itelligenc@gmail.com')
INSERT INTO [dbo].[Company] (CompanyName, CustomerID) VALUES ('itelligence' , 371 )
INSERT INTO [dbo].[Customer] (CustomerID, Phone, Email) VALUES (372 ,'+48-456-132-913' , 'macrologic@gmail.com')
INSERT INTO [dbo].[Company] (CompanyName, CustomerID) VALUES ('Macrologic' , 372 )
INSERT INTO [dbo].[Customer] (CustomerID, Phone, Email) VALUES (373 ,'+48-456-132-829' , 'acerpoland@gmail.com')
INSERT INTO [dbo].[Company] (CompanyName, CustomerID) VALUES ('Acer Poland/Slovakia' , 373 )
INSERT INTO [dbo].[Customer] (CustomerID, Phone, Email) VALUES (374 ,'+48-456-133-075' , 'controllin@gmail.com')
INSERT INTO [dbo].[Company] (CompanyName, CustomerID) VALUES ('Controlling Systems Sp. z o.o.' , 374 )
INSERT INTO [dbo].[Customer] (CustomerID, Phone, Email) VALUES (375 ,'+48-456-132-879' , 'itkontrakt@gmail.com')
INSERT INTO [dbo].[Company] (CompanyName, CustomerID) VALUES ('IT Kontrakt' , 375 )
INSERT INTO [dbo].[Customer] (CustomerID, Phone, Email) VALUES (376 ,'+48-456-133-040' , '3servicesf@gmail.com')
INSERT INTO [dbo].[Company] (CompanyName, CustomerID) VALUES ('3Services Factory S.A.' , 376 )
INSERT INTO [dbo].[Customer] (CustomerID, Phone, Email) VALUES (377 ,'+48-456-132-876' , 'unizetotec@gmail.com')
INSERT INTO [dbo].[Company] (CompanyName, CustomerID) VALUES ('UNIZETO TECHNOLOGIES' , 377 )
INSERT INTO [dbo].[Customer] (CustomerID, Phone, Email) VALUES (378 ,'+48-456-133-066' , 'bscpolska@gmail.com')
INSERT INTO [dbo].[Company] (CompanyName, CustomerID) VALUES ('BSC Polska' , 378 )
INSERT INTO [dbo].[Customer] (CustomerID, Phone, Email) VALUES (379 ,'+48-456-132-920' , '7nspzoo@gmail.com')
INSERT INTO [dbo].[Company] (CompanyName, CustomerID) VALUES ('7N Sp. z o.o.' , 379 )
INSERT INTO [dbo].[Customer] (CustomerID, Phone, Email) VALUES (380 ,'+48-456-133-078' , 'system1@gmail.com')
INSERT INTO [dbo].[Company] (CompanyName, CustomerID) VALUES ('System-1' , 380 )
INSERT INTO [dbo].[Customer] (CustomerID, Phone, Email) VALUES (381 ,'+48-456-132-962' , 'streamsoft@gmail.com')
INSERT INTO [dbo].[Company] (CompanyName, CustomerID) VALUES ('Streamsoft' , 381 )
INSERT INTO [dbo].[Customer] (CustomerID, Phone, Email) VALUES (382 ,'+48-456-132-860' , 'comparexpo@gmail.com')
INSERT INTO [dbo].[Company] (CompanyName, CustomerID) VALUES ('COMPAREX Poland' , 382 )
INSERT INTO [dbo].[Customer] (CustomerID, Phone, Email) VALUES (383 ,'+48-456-133-022' , 'biztechkon@gmail.com')
INSERT INTO [dbo].[Company] (CompanyName, CustomerID) VALUES ('BizTech Konsulting' , 383 )
INSERT INTO [dbo].[Customer] (CustomerID, Phone, Email) VALUES (384 ,'+48-456-133-079' , 'macrogames@gmail.com')
INSERT INTO [dbo].[Company] (CompanyName, CustomerID) VALUES ('Macro Games' , 384 )
INSERT INTO [dbo].[Customer] (CustomerID, Phone, Email) VALUES (385 ,'+48-456-132-987' , 'livechatso@gmail.com')
INSERT INTO [dbo].[Company] (CompanyName, CustomerID) VALUES ('LiveChat Software' , 385 )
INSERT INTO [dbo].[Customer] (CustomerID, Phone, Email) VALUES (386 ,'+48-456-132-822' , 'sygnitysa@gmail.com')
INSERT INTO [dbo].[Company] (CompanyName, CustomerID) VALUES ('Sygnity S.A.' , 386 )
INSERT INTO [dbo].[Customer] (CustomerID, Phone, Email) VALUES (387 ,'+48-456-133-031' , 'decerto@gmail.com')
INSERT INTO [dbo].[Company] (CompanyName, CustomerID) VALUES ('Decerto' , 387 )
INSERT INTO [dbo].[Customer] (CustomerID, Phone, Email) VALUES (388 ,'+48-456-133-103' , 'aska@gmail.com')
INSERT INTO [dbo].[Company] (CompanyName, CustomerID) VALUES ('ASKA' , 388 )
INSERT INTO [dbo].[Customer] (CustomerID, Phone, Email) VALUES (389 ,'+48-456-132-867' , 'brotherpol@gmail.com')
INSERT INTO [dbo].[Company] (CompanyName, CustomerID) VALUES ('Brother Polska' , 389 )
INSERT INTO [dbo].[Customer] (CustomerID, Phone, Email) VALUES (390 ,'+48-456-132-836' , 'apnpromise@gmail.com')
INSERT INTO [dbo].[Company] (CompanyName, CustomerID) VALUES ('A. P. N. Promise' , 390 )
INSERT INTO [dbo].[Customer] (CustomerID, Phone, Email) VALUES (391 ,'+48-456-132-802' , 'hppolska@gmail.com')
INSERT INTO [dbo].[Company] (CompanyName, CustomerID) VALUES ('HP Polska' , 391 )
INSERT INTO [dbo].[Customer] (CustomerID, Phone, Email) VALUES (392 ,'+48-456-133-113' , 'eintegra@gmail.com')
INSERT INTO [dbo].[Company] (CompanyName, CustomerID) VALUES ('E-integra' , 392 )
INSERT INTO [dbo].[Customer] (CustomerID, Phone, Email) VALUES (393 ,'+48-456-132-897' , 'futureproc@gmail.com')
INSERT INTO [dbo].[Company] (CompanyName, CustomerID) VALUES ('Future Processing' , 393 )
INSERT INTO [dbo].[Customer] (CustomerID, Phone, Email) VALUES (394 ,'+48-456-133-110' , 'akrapolska@gmail.com')
INSERT INTO [dbo].[Company] (CompanyName, CustomerID) VALUES ('AKRA Polska' , 394 )
INSERT INTO [dbo].[Customer] (CustomerID, Phone, Email) VALUES (395 ,'+48-456-133-104' , '2intellect@gmail.com')
INSERT INTO [dbo].[Company] (CompanyName, CustomerID) VALUES ('2INTELLECT.COM S.A.' , 395 )
INSERT INTO [dbo].[Customer] (CustomerID, Phone, Email) VALUES (396 ,'+48-456-132-973' , 'globema@gmail.com')
INSERT INTO [dbo].[Company] (CompanyName, CustomerID) VALUES ('Globema' , 396 )
INSERT INTO [dbo].[Customer] (CustomerID, Phone, Email) VALUES (397 ,'+48-456-133-013' , 'econsultin@gmail.com')
INSERT INTO [dbo].[Company] (CompanyName, CustomerID) VALUES ('eConsulting Sp. z o.o.' , 397 )
INSERT INTO [dbo].[Customer] (CustomerID, Phone, Email) VALUES (398 ,'+48-456-132-893' , 'komanord@gmail.com')
INSERT INTO [dbo].[Company] (CompanyName, CustomerID) VALUES ('Koma Nord' , 398 )
INSERT INTO [dbo].[Customer] (CustomerID, Phone, Email) VALUES (399 ,'+48-456-133-093' , 'itcubesoft@gmail.com')
INSERT INTO [dbo].[Company] (CompanyName, CustomerID) VALUES ('ITCube Software' , 399 )
INSERT INTO [dbo].[Customer] (CustomerID, Phone, Email) VALUES (400 ,'+48-456-133-048' , 'trendmicro@gmail.com')
INSERT INTO [dbo].[Company] (CompanyName, CustomerID) VALUES ('Trend Micro' , 400 )
INSERT INTO [dbo].[Customer] (CustomerID, Phone, Email) VALUES (401 ,'+48-456-132-842' , 'sii@gmail.com')
INSERT INTO [dbo].[Company] (CompanyName, CustomerID) VALUES ('Sii' , 401 )
INSERT INTO [dbo].[Customer] (CustomerID, Phone, Email) VALUES (402 ,'+48-456-132-828' , 'lgelectron@gmail.com')
INSERT INTO [dbo].[Company] (CompanyName, CustomerID) VALUES ('LG Electronics Polska' , 402 )
INSERT INTO [dbo].[Customer] (CustomerID, Phone, Email) VALUES (403 ,'+48-456-133-074' , 'insoft@gmail.com')
INSERT INTO [dbo].[Company] (CompanyName, CustomerID) VALUES ('INSOFT' , 403 )
INSERT INTO [dbo].[Customer] (CustomerID, Phone, Email) VALUES (404 ,'+48-456-132-899' , 'andra@gmail.com')
INSERT INTO [dbo].[Company] (CompanyName, CustomerID) VALUES ('ANDRA' , 404 )
INSERT INTO [dbo].[Customer] (CustomerID, Phone, Email) VALUES (405 ,'+48-456-132-969' , 'epoint@gmail.com')
INSERT INTO [dbo].[Company] (CompanyName, CustomerID) VALUES ('e-point' , 405 )
INSERT INTO [dbo].[Customer] (CustomerID, Phone, Email) VALUES (406 ,'+48-456-132-906' , 'unit4polsk@gmail.com')
INSERT INTO [dbo].[Company] (CompanyName, CustomerID) VALUES ('Unit4 Polska' , 406 )
INSERT INTO [dbo].[Customer] (CustomerID, Phone, Email) VALUES (407 ,'+48-456-133-106' , 'xylent@gmail.com')
INSERT INTO [dbo].[Company] (CompanyName, CustomerID) VALUES ('Xylent' , 407 )
INSERT INTO [dbo].[Customer] (CustomerID, Phone, Email) VALUES (408 ,'+48-456-133-028' , 'touk@gmail.com')
INSERT INTO [dbo].[Company] (CompanyName, CustomerID) VALUES ('TouK' , 408 )
INSERT INTO [dbo].[Customer] (CustomerID, Phone, Email) VALUES (409 ,'+48-456-133-060' , 'pivotalpol@gmail.com')
INSERT INTO [dbo].[Company] (CompanyName, CustomerID) VALUES ('Pivotal Polska' , 409 )
INSERT INTO [dbo].[Customer] (CustomerID, Phone, Email) VALUES (410 ,'+48-456-132-940' , 'indatasoft@gmail.com')
INSERT INTO [dbo].[Company] (CompanyName, CustomerID) VALUES ('INDATA Software SA' , 410 )
INSERT INTO [dbo].[Customer] (CustomerID, Phone, Email) VALUES (411 ,'+48-456-133-109' , 'alpolprzem@gmail.com')
INSERT INTO [dbo].[Company] (CompanyName, CustomerID) VALUES ('ALPOL Przemysław Lepiarz' , 411 )
INSERT INTO [dbo].[Customer] (CustomerID, Phone, Email) VALUES (412 ,'+48-456-133-017' , 'fqspoland@gmail.com')
INSERT INTO [dbo].[Company] (CompanyName, CustomerID) VALUES ('FQS Poland' , 412 )
INSERT INTO [dbo].[Customer] (CustomerID, Phone, Email) VALUES (413 ,'+48-456-133-112' , 'immusecspz@gmail.com')
INSERT INTO [dbo].[Company] (CompanyName, CustomerID) VALUES ('IMMUSEC Sp. z o.o.' , 413 )
INSERT INTO [dbo].[Customer] (CustomerID, Phone, Email) VALUES (414 ,'+48-456-133-041' , 'mapsolutio@gmail.com')
INSERT INTO [dbo].[Company] (CompanyName, CustomerID) VALUES ('MAP solutions Sp. z o.o.' , 414 )
INSERT INTO [dbo].[Customer] (CustomerID, Phone, Email) VALUES (415 ,'+48-456-133-016' , 'netz@gmail.com')
INSERT INTO [dbo].[Company] (CompanyName, CustomerID) VALUES ('NETZ' , 415 )
INSERT INTO [dbo].[Customer] (CustomerID, Phone, Email) VALUES (416 ,'+48-456-132-972' , 'zakladuslu@gmail.com')
INSERT INTO [dbo].[Company] (CompanyName, CustomerID) VALUES ('Zakład Usług Informatycznych OTAGO Sp. z o.o.' , 416 )
INSERT INTO [dbo].[Customer] (CustomerID, Phone, Email) VALUES (417 ,'+48-456-132-955' , 'unisoft@gmail.com')
INSERT INTO [dbo].[Company] (CompanyName, CustomerID) VALUES ('Unisoft' , 417 )
INSERT INTO [dbo].[Customer] (CustomerID, Phone, Email) VALUES (418 ,'+48-456-132-918' , 'dgt@gmail.com')
INSERT INTO [dbo].[Company] (CompanyName, CustomerID) VALUES ('DGT' , 418 )
INSERT INTO [dbo].[Customer] (CustomerID, Phone, Email) VALUES (419 ,'+48-456-132-827' , 'avnet@gmail.com')
INSERT INTO [dbo].[Company] (CompanyName, CustomerID) VALUES ('Avnet' , 419 )
INSERT INTO [dbo].[Customer] (CustomerID, Phone, Email) VALUES (420 ,'+48-456-132-850' , 'atende@gmail.com')
INSERT INTO [dbo].[Company] (CompanyName, CustomerID) VALUES ('Atende' , 420 )
INSERT INTO [dbo].[Customer] (CustomerID, Phone, Email) VALUES (421 ,'+48-456-132-900' , 'junipernet@gmail.com')
INSERT INTO [dbo].[Company] (CompanyName, CustomerID) VALUES ('Juniper Networks Poland' , 421 )
INSERT INTO [dbo].[Customer] (CustomerID, Phone, Email) VALUES (422 ,'+48-456-132-882' , 'betacom@gmail.com')
INSERT INTO [dbo].[Company] (CompanyName, CustomerID) VALUES ('Betacom' , 422 )
INSERT INTO [dbo].[Customer] (CustomerID, Phone, Email) VALUES (423 ,'+48-456-132-910' , 'lgbspolska@gmail.com')
INSERT INTO [dbo].[Company] (CompanyName, CustomerID) VALUES ('LGBS Polska' , 423 )
INSERT INTO [dbo].[Customer] (CustomerID, Phone, Email) VALUES (424 ,'+48-456-132-811' , 'dellpolska@gmail.com')
INSERT INTO [dbo].[Company] (CompanyName, CustomerID) VALUES ('Dell Polska' , 424 )
INSERT INTO [dbo].[Customer] (CustomerID, Phone, Email) VALUES (425 ,'+48-456-132-835' , 'fujitsutec@gmail.com')
INSERT INTO [dbo].[Company] (CompanyName, CustomerID) VALUES ('Fujitsu Technology Solutions' , 425 )
INSERT INTO [dbo].[Customer] (CustomerID, Phone, Email) VALUES (426 ,'+48-456-132-994' , '11bitstudi@gmail.com')
INSERT INTO [dbo].[Company] (CompanyName, CustomerID) VALUES ('11 bit studios' , 426 )
INSERT INTO [dbo].[Customer] (CustomerID, Phone, Email) VALUES (427 ,'+48-456-132-863' , 'ncrpolska@gmail.com')
INSERT INTO [dbo].[Company] (CompanyName, CustomerID) VALUES ('NCR Polska' , 427 )
INSERT INTO [dbo].[Customer] (CustomerID, Phone, Email) VALUES (428 ,'+48-456-132-970' , 'zetosoftwa@gmail.com')
INSERT INTO [dbo].[Company] (CompanyName, CustomerID) VALUES ('ZETO SOFTWARE Sp. z o.o.' , 428 )
INSERT INTO [dbo].[Customer] (CustomerID, Phone, Email) VALUES (429 ,'+48-456-133-015' , 'simplespzo@gmail.com')
INSERT INTO [dbo].[Company] (CompanyName, CustomerID) VALUES ('SIMPLE Sp. z o.o.' , 429 )
INSERT INTO [dbo].[Customer] (CustomerID, Phone, Email) VALUES (430 ,'+48-456-132-975' , 'comarchhea@gmail.com')
INSERT INTO [dbo].[Company] (CompanyName, CustomerID) VALUES ('Comarch Healthcare' , 430 )
INSERT INTO [dbo].[Customer] (CustomerID, Phone, Email) VALUES (431 ,'+48-456-133-005' , 'windmobile@gmail.com')
INSERT INTO [dbo].[Company] (CompanyName, CustomerID) VALUES ('Wind Mobile' , 431 )
INSERT INTO [dbo].[Customer] (CustomerID, Phone, Email) VALUES (432 ,'+48-456-132-941' , 'infinite@gmail.com')
INSERT INTO [dbo].[Company] (CompanyName, CustomerID) VALUES ('Infinite' , 432 )
INSERT INTO [dbo].[Customer] (CustomerID, Phone, Email) VALUES (433 ,'+48-456-133-082' , 'gecosspzoo@gmail.com')
INSERT INTO [dbo].[Company] (CompanyName, CustomerID) VALUES ('GECOS Sp. z o.o.' , 433 )
INSERT INTO [dbo].[Customer] (CustomerID, Phone, Email) VALUES (434 ,'+48-456-133-043' , 'arrowecsse@gmail.com')
INSERT INTO [dbo].[Company] (CompanyName, CustomerID) VALUES ('Arrow ECS Services' , 434 )
INSERT INTO [dbo].[Customer] (CustomerID, Phone, Email) VALUES (435 ,'+48-456-132-852' , 'infovidema@gmail.com')
INSERT INTO [dbo].[Company] (CompanyName, CustomerID) VALUES ('Infovide-Matrix' , 435 )
INSERT INTO [dbo].[Customer] (CustomerID, Phone, Email) VALUES (436 ,'+48-456-132-892' , 'symantecpo@gmail.com')
INSERT INTO [dbo].[Company] (CompanyName, CustomerID) VALUES ('Symantec Poland' , 436 )
INSERT INTO [dbo].[Customer] (CustomerID, Phone, Email) VALUES (437 ,'+48-456-132-909' , 'kapschspzo@gmail.com')
INSERT INTO [dbo].[Company] (CompanyName, CustomerID) VALUES ('Kapsch Sp. z o.o.' , 437 )
INSERT INTO [dbo].[Customer] (CustomerID, Phone, Email) VALUES (438 ,'+48-456-132-989' , 'sputniksof@gmail.com')
INSERT INTO [dbo].[Company] (CompanyName, CustomerID) VALUES ('Sputnik Software' , 438 )
INSERT INTO [dbo].[Customer] (CustomerID, Phone, Email) VALUES (439 ,'+48-456-132-875' , 'sasinstitu@gmail.com')
INSERT INTO [dbo].[Company] (CompanyName, CustomerID) VALUES ('SAS Institute' , 439 )
INSERT INTO [dbo].[Customer] (CustomerID, Phone, Email) VALUES (440 ,'+48-456-132-868' , 'ricohpolsk@gmail.com')
INSERT INTO [dbo].[Company] (CompanyName, CustomerID) VALUES ('Ricoh Polska' , 440 )
INSERT INTO [dbo].[Customer] (CustomerID, Phone, Email) VALUES (441 ,'+48-456-133-071' , 'wheelsyste@gmail.com')
INSERT INTO [dbo].[Company] (CompanyName, CustomerID) VALUES ('WHEEL Systems' , 441 )
INSERT INTO [dbo].[Customer] (CustomerID, Phone, Email) VALUES (442 ,'+48-456-132-939' , 'centrumkom@gmail.com')
INSERT INTO [dbo].[Company] (CompanyName, CustomerID) VALUES ('Centrum Komputerowe ZETO Łódź' , 442 )
INSERT INTO [dbo].[Customer] (CustomerID, Phone, Email) VALUES (443 ,'+48-456-132-921' , 'eipspzoo@gmail.com')
INSERT INTO [dbo].[Company] (CompanyName, CustomerID) VALUES ('EIP Sp. z o.o.' , 443 )
INSERT INTO [dbo].[Customer] (CustomerID, Phone, Email) VALUES (444 ,'+48-456-132-851' , 'sprintsa@gmail.com')
INSERT INTO [dbo].[Company] (CompanyName, CustomerID) VALUES ('Sprint S.A.' , 444 )
INSERT INTO [dbo].[Customer] (CustomerID, Phone, Email) VALUES (445 ,'+48-456-132-915' , 'infonetpro@gmail.com')
INSERT INTO [dbo].[Company] (CompanyName, CustomerID) VALUES ('Infonet Projekt' , 445 )
INSERT INTO [dbo].[Customer] (CustomerID, Phone, Email) VALUES (446 ,'+48-456-132-848' , 'modecom@gmail.com')
INSERT INTO [dbo].[Company] (CompanyName, CustomerID) VALUES ('MODECOM' , 446 )
INSERT INTO [dbo].[Customer] (CustomerID, Phone, Email) VALUES (447 ,'+48-456-133-080' , 'itsg@gmail.com')
INSERT INTO [dbo].[Company] (CompanyName, CustomerID) VALUES ('ITSG' , 447 )
INSERT INTO [dbo].[Customer] (CustomerID, Phone, Email) VALUES (448 ,'+48-456-133-099' , 'lsbdata@gmail.com')
INSERT INTO [dbo].[Company] (CompanyName, CustomerID) VALUES ('LSB DATA' , 448 )
INSERT INTO [dbo].[Customer] (CustomerID, Phone, Email) VALUES (449 ,'+48-456-132-838' , 'wasko@gmail.com')
INSERT INTO [dbo].[Company] (CompanyName, CustomerID) VALUES ('WASKO' , 449 )
INSERT INTO [dbo].[Customer] (CustomerID, Phone, Email) VALUES (450 ,'+48-456-132-985' , 'itmaginati@gmail.com')
INSERT INTO [dbo].[Company] (CompanyName, CustomerID) VALUES ('ITMAGINATION' , 450 )
INSERT INTO [dbo].[Customer] (CustomerID, Phone, Email) VALUES (451 ,'+48-456-133-055' , 'xsolve@gmail.com')
INSERT INTO [dbo].[Company] (CompanyName, CustomerID) VALUES ('XSolve' , 451 )
INSERT INTO [dbo].[Customer] (CustomerID, Phone, Email) VALUES (452 ,'+48-456-132-981' , 'beyondpl@gmail.com')
INSERT INTO [dbo].[Company] (CompanyName, CustomerID) VALUES ('Beyond.pl' , 452 )
INSERT INTO [dbo].[Customer] (CustomerID, Phone, Email) VALUES (453 ,'+48-456-132-815' , 'nttsystem@gmail.com')
INSERT INTO [dbo].[Company] (CompanyName, CustomerID) VALUES ('NTT System' , 453 )
INSERT INTO [dbo].[Customer] (CustomerID, Phone, Email) VALUES (454 ,'+48-456-132-896' , 'lufthansas@gmail.com')
INSERT INTO [dbo].[Company] (CompanyName, CustomerID) VALUES ('Lufthansa Systems Poland' , 454 )
INSERT INTO [dbo].[Customer] (CustomerID, Phone, Email) VALUES (455 ,'+48-456-132-817' , 'oraclepols@gmail.com')
INSERT INTO [dbo].[Company] (CompanyName, CustomerID) VALUES ('Oracle Polska' , 455 )
INSERT INTO [dbo].[Customer] (CustomerID, Phone, Email) VALUES (456 ,'+48-456-132-998' , 'zetowpozna@gmail.com')
INSERT INTO [dbo].[Company] (CompanyName, CustomerID) VALUES ('ZETO w Poznaniu' , 456 )
INSERT INTO [dbo].[Customer] (CustomerID, Phone, Email) VALUES (457 ,'+48-456-132-942' , 'itserwis@gmail.com')
INSERT INTO [dbo].[Company] (CompanyName, CustomerID) VALUES ('IT Serwis' , 457 )
INSERT INTO [dbo].[Customer] (CustomerID, Phone, Email) VALUES (458 ,'+48-456-132-840' , 'konicamino@gmail.com')
INSERT INTO [dbo].[Company] (CompanyName, CustomerID) VALUES ('Konica Minolta Business Solutions Polska' , 458 )
INSERT INTO [dbo].[Customer] (CustomerID, Phone, Email) VALUES (459 ,'+48-456-133-108' , 'varico@gmail.com')
INSERT INTO [dbo].[Company] (CompanyName, CustomerID) VALUES ('Varico' , 459 )
INSERT INTO [dbo].[Customer] (CustomerID, Phone, Email) VALUES (460 ,'+48-456-132-891' , 'cloudwarep@gmail.com')
INSERT INTO [dbo].[Company] (CompanyName, CustomerID) VALUES ('Cloudware Polska' , 460 )
INSERT INTO [dbo].[Customer] (CustomerID, Phone, Email) VALUES (461 ,'+48-456-133-076' , 'ibpmsa@gmail.com')
INSERT INTO [dbo].[Company] (CompanyName, CustomerID) VALUES ('IBPM SA' , 461 )
INSERT INTO [dbo].[Customer] (CustomerID, Phone, Email) VALUES (462 ,'+48-456-133-118' , 'chilidagen@gmail.com')
INSERT INTO [dbo].[Company] (CompanyName, CustomerID) VALUES ('Chilid Agency ' , 462 )
INSERT INTO [dbo].[Customer] (CustomerID, Phone, Email) VALUES (463 ,'+48-456-133-034' , 'mineralmid@gmail.com')
INSERT INTO [dbo].[Company] (CompanyName, CustomerID) VALUES ('MINERAL MIDRANGE SA' , 463 )
INSERT INTO [dbo].[Customer] (CustomerID, Phone, Email) VALUES (464 ,'+48-456-133-083' , 'ccaeuropep@gmail.com')
INSERT INTO [dbo].[Company] (CompanyName, CustomerID) VALUES ('CCA Europe.pl' , 464 )
INSERT INTO [dbo].[Customer] (CustomerID, Phone, Email) VALUES (465 ,'+48-456-132-953' , 'medicalgor@gmail.com')
INSERT INTO [dbo].[Company] (CompanyName, CustomerID) VALUES ('MEDICALgorithmics SA' , 465 )
INSERT INTO [dbo].[Customer] (CustomerID, Phone, Email) VALUES (466 ,'+48-456-132-990' , 'xplus@gmail.com')
INSERT INTO [dbo].[Company] (CompanyName, CustomerID) VALUES ('Xplus' , 466 )
INSERT INTO [dbo].[Customer] (CustomerID, Phone, Email) VALUES (467 ,'+48-456-133-012' , 'vividgames@gmail.com')
INSERT INTO [dbo].[Company] (CompanyName, CustomerID) VALUES ('Vivid Games' , 467 )
INSERT INTO [dbo].[Customer] (CustomerID, Phone, Email) VALUES (468 ,'+48-456-133-105' , 'ariscospzo@gmail.com')
INSERT INTO [dbo].[Company] (CompanyName, CustomerID) VALUES ('ARISCO Sp. z o.o.' , 468 )
INSERT INTO [dbo].[Customer] (CustomerID, Phone, Email) VALUES (469 ,'+48-456-132-995' , 'zakladelek@outlook.com')
INSERT INTO [dbo].[Company] (CompanyName, CustomerID) VALUES ('ZAKŁAD ELEKTRONICZNEJ TECHNIKI OBLICZENIOWEJ SP. Z O.O.' , 469 )
INSERT INTO [dbo].[Customer] (CustomerID, Phone, Email) VALUES (470 ,'+48-456-132-980' , 'teradatapo@gmail.com')
INSERT INTO [dbo].[Company] (CompanyName, CustomerID) VALUES ('Teradata Polska' , 470 )
